run_id,stage,axis,level,scenario_key,seed,system,status,fail_reason,divergence_time_s,talk,noise_type,snr_db,ser_db,rt60_target_s,rt60_achieved_echo_s,rt60_achieved_near_s,speaker_mic_distance_m,absorption_calibrated,absorption_sabine_init,filter_length_ms,mu,frame_size,int16_scale,int16_headroom_db,erle_steady_state_db,erle_n_valid_frames,convergence_time_s,converged,segsnr_db,stoi,pesq_wb,lsd_db,misalignment_final_db,mu_q15,delta_q30,coeff_bits,n_stall_events,stall_first_time_s,n_tap_stalls,n_sat_total,n_sat_y,n_sat_err,n_sat_gain,n_sat_coeff,n_sat_coeff_taps,sat_first_time_s,coeff_div_final_db,coeff_div_steady_db,far_speaker,near_speaker,wall_time_s,git_sha
a.rt60_distance.rt0.2_d0.3.s0.none,a,rt60_distance,rt0.2_d0.3,rt0.2_d0.3_far_single_none_ser0,0,none,ok,,,far_single,none,,0.0,0.2,0.19939854000851598,0.20082043661629292,0.3,0.4927683500297412,0.5141930609005995,,,,14847.881099871236,6.0,-7.106122944641459e-05,671,0.0,True,,,,,,,,,,,,,,,,,,,,,260,61,0.349,c945803
a.rt60_distance.rt0.2_d0.3.s0.nlms_f64,a,rt60_distance,rt0.2_d0.3,rt0.2_d0.3_far_single_none_ser0,0,nlms_f64,ok,,,far_single,none,,0.0,0.2,0.19939854000851598,0.20082043661629292,0.3,0.4927683500297412,0.5141930609005995,200.0,0.5,,14847.881099871236,6.0,28.960804489357926,671,3.84,True,,,,,-17.22352411298279,,,,,,,,,,,,,,,,260,61,1.104,c945803
a.rt60_distance.rt0.2_d0.3.s0.speex,a,rt60_distance,rt0.2_d0.3,rt0.2_d0.3_far_single_none_ser0,0,speex,ok,,,far_single,none,,0.0,0.2,0.19939854000851598,0.20082043661629292,0.3,0.4927683500297412,0.5141930609005995,200.0,,160,14847.881099871236,6.0,33.32364493496763,671,5.64,True,,,,,,,,,,,,,,,,,,,,,260,61,0.161,c945803
a.rt60_distance.rt0.2_d0.3.s0.nlms_q15,a,rt60_distance,rt0.2_d0.3,rt0.2_d0.3_far_single_none_ser0,0,nlms_q15,ok,,,far_single,none,,0.0,0.2,0.19939854000851598,0.20082043661629292,0.3,0.4927683500297412,0.5141930609005995,200.0,0.5,,14847.881099871236,6.0,11.767844586482749,671,0.0,True,,,,,-1.586885113860563,16384,1074,15,32575,0.224875,492487361,31625,0,0,5557,26068,34143,0.000125,-2.195523738861084,-2.8715295791625977,260,61,10.465,c945803
a.rt60_distance.rt0.2_d0.3.s1.none,a,rt60_distance,rt0.2_d0.3,rt0.2_d0.3_far_single_none_ser0,1,none,ok,,,far_single,none,,0.0,0.2,0.19939854000851598,0.20082043661629292,0.3,0.4927683500297412,0.5141930609005995,,,,10702.32096639893,6.0,-1.8453859145970036e-05,693,0.0,True,,,,,,,,,,,,,,,,,,,,,7729,1221,0.326,c945803
a.rt60_distance.rt0.2_d0.3.s1.nlms_f64,a,rt60_distance,rt0.2_d0.3,rt0.2_d0.3_far_single_none_ser0,1,nlms_f64,ok,,,far_single,none,,0.0,0.2,0.19939854000851598,0.20082043661629292,0.3,0.4927683500297412,0.5141930609005995,200.0,0.5,,10702.32096639893,6.0,41.52379222215175,693,2.5,True,,,,,-23.473293349783088,,,,,,,,,,,,,,,,7729,1221,1.168,c945803
a.rt60_distance.rt0.2_d0.3.s1.speex,a,rt60_distance,rt0.2_d0.3,rt0.2_d0.3_far_single_none_ser0,1,speex,ok,,,far_single,none,,0.0,0.2,0.19939854000851598,0.20082043661629292,0.3,0.4927683500297412,0.5141930609005995,200.0,,160,10702.32096639893,6.0,35.31769267265755,693,8.58,True,,,,,,,,,,,,,,,,,,,,,7729,1221,0.161,c945803
a.rt60_distance.rt0.2_d0.3.s1.nlms_q15,a,rt60_distance,rt0.2_d0.3,rt0.2_d0.3_far_single_none_ser0,1,nlms_q15,ok,,,far_single,none,,0.0,0.2,0.19939854000851598,0.20082043661629292,0.3,0.4927683500297412,0.5141930609005995,200.0,0.5,,10702.32096639893,6.0,16.379663707746303,693,0.39999999999999997,True,,,,,-1.2683074980878035,16384,1074,15,32595,0.338125,548539037,41643,0,0,13197,28446,31585,0.002,-1.5530177354812622,-1.9406092166900635,7729,1221,10.904,c945803
a.rt60_distance.rt0.2_d0.3.s2.none,a,rt60_distance,rt0.2_d0.3,rt0.2_d0.3_far_single_none_ser0,2,none,ok,,,far_single,none,,0.0,0.2,0.19939854000851598,0.20082043661629292,0.3,0.4927683500297412,0.5141930609005995,,,,17990.05274005171,6.0,-2.8363661955172106e-05,701,0.0,True,,,,,,,,,,,,,,,,,,,,,8224,908,0.329,c945803
a.rt60_distance.rt0.2_d0.3.s2.nlms_f64,a,rt60_distance,rt0.2_d0.3,rt0.2_d0.3_far_single_none_ser0,2,nlms_f64,ok,,,far_single,none,,0.0,0.2,0.19939854000851598,0.20082043661629292,0.3,0.4927683500297412,0.5141930609005995,200.0,0.5,,17990.05274005171,6.0,34.51847498406686,701,6.7,True,,,,,-19.40822550135913,,,,,,,,,,,,,,,,8224,908,1.111,c945803
a.rt60_distance.rt0.2_d0.3.s2.speex,a,rt60_distance,rt0.2_d0.3,rt0.2_d0.3_far_single_none_ser0,2,speex,ok,,,far_single,none,,0.0,0.2,0.19939854000851598,0.20082043661629292,0.3,0.4927683500297412,0.5141930609005995,200.0,,160,17990.05274005171,6.0,30.047557837542037,701,5.0,True,,,,,,,,,,,,,,,,,,,,,8224,908,0.158,c945803
a.rt60_distance.rt0.2_d0.3.s2.nlms_q15,a,rt60_distance,rt0.2_d0.3,rt0.2_d0.3_far_single_none_ser0,2,nlms_q15,ok,,,far_single,none,,0.0,0.2,0.19939854000851598,0.20082043661629292,0.3,0.4927683500297412,0.5141930609005995,200.0,0.5,,17990.05274005171,6.0,18.232912729806607,701,0.0,True,,,,,-1.5597377304279767,16384,1074,15,41066,0.5589375,511932687,32343,0,0,4824,27519,29351,0.0021875,-2.0069892406463623,-2.128352403640747,8224,908,10.823,c945803
a.rt60_distance.rt0.2_d1.s0.none,a,rt60_distance,rt0.2_d1,rt0.2_d1_far_single_none_ser0,0,none,ok,,,far_single,none,,0.0,0.2,0.19962558834147778,0.20082043661629292,1.0,0.4927683500297412,0.5141930609005995,,,,37998.045133333355,6.0,-6.321151489975809e-05,631,0.18000000000000002,True,,,,,,,,,,,,,,,,,,,,,260,61,0.341,c945803
a.rt60_distance.rt0.2_d1.s0.nlms_f64,a,rt60_distance,rt0.2_d1,rt0.2_d1_far_single_none_ser0,0,nlms_f64,ok,,,far_single,none,,0.0,0.2,0.19962558834147778,0.20082043661629292,1.0,0.4927683500297412,0.5141930609005995,200.0,0.5,,37998.045133333355,6.0,27.729502230998612,631,4.0,True,,,,,-15.859085315583986,,,,,,,,,,,,,,,,260,61,1.109,c945803
a.rt60_distance.rt0.2_d1.s0.speex,a,rt60_distance,rt0.2_d1,rt0.2_d1_far_single_none_ser0,0,speex,ok,,,far_single,none,,0.0,0.2,0.19962558834147778,0.20082043661629292,1.0,0.4927683500297412,0.5141930609005995,200.0,,160,37998.045133333355,6.0,30.216850357484034,631,5.62,True,,,,,,,,,,,,,,,,,,,,,260,61,0.151,c945803
a.rt60_distance.rt0.2_d1.s0.nlms_q15,a,rt60_distance,rt0.2_d1,rt0.2_d1_far_single_none_ser0,0,nlms_q15,ok,,,far_single,none,,0.0,0.2,0.19962558834147778,0.20082043661629292,1.0,0.4927683500297412,0.5141930609005995,200.0,0.5,,37998.045133333355,6.0,20.721110988584886,631,0.3400000000000001,True,,,,,-11.686360426173074,16384,1074,15,98183,0.1133125,631498650,1261,0,0,1261,0,0,6.25e-05,-16.833324432373047,-18.623741149902344,260,61,9.969,c945803
a.rt60_distance.rt0.2_d1.s1.none,a,rt60_distance,rt0.2_d1,rt0.2_d1_far_single_none_ser0,1,none,ok,,,far_single,none,,0.0,0.2,0.19962558834147778,0.20082043661629292,1.0,0.4927683500297412,0.5141930609005995,,,,32023.18976607299,6.0,-1.988387018895285e-05,682,0.2,True,,,,,,,,,,,,,,,,,,,,,7729,1221,0.34,c945803
a.rt60_distance.rt0.2_d1.s1.nlms_f64,a,rt60_distance,rt0.2_d1,rt0.2_d1_far_single_none_ser0,1,nlms_f64,ok,,,far_single,none,,0.0,0.2,0.19962558834147778,0.20082043661629292,1.0,0.4927683500297412,0.5141930609005995,200.0,0.5,,32023.18976607299,6.0,38.445216118864266,682,5.12,True,,,,,-20.88953952638804,,,,,,,,,,,,,,,,7729,1221,1.105,c945803
a.rt60_distance.rt0.2_d1.s1.speex,a,rt60_distance,rt0.2_d1,rt0.2_d1_far_single_none_ser0,1,speex,ok,,,far_single,none,,0.0,0.2,0.19962558834147778,0.20082043661629292,1.0,0.4927683500297412,0.5141930609005995,200.0,,160,32023.18976607299,6.0,42.7357393575374,682,8.48,True,,,,,,,,,,,,,,,,,,,,,7729,1221,0.165,c945803
a.rt60_distance.rt0.2_d1.s1.nlms_q15,a,rt60_distance,rt0.2_d1,rt0.2_d1_far_single_none_ser0,1,nlms_q15,ok,,,far_single,none,,0.0,0.2,0.19962558834147778,0.20082043661629292,1.0,0.4927683500297412,0.5141930609005995,200.0,0.5,,32023.18976607299,6.0,25.712561838145245,682,2.38,True,,,,,-14.579969840069367,16384,1074,15,128663,0.30575,702920313,1192,0,0,1192,0,0,0.00175,-18.809341430664062,-17.617712020874023,7729,1221,10.006,c945803
a.rt60_distance.rt0.2_d1.s2.none,a,rt60_distance,rt0.2_d1,rt0.2_d1_far_single_none_ser0,2,none,ok,,,far_single,none,,0.0,0.2,0.19962558834147778,0.20082043661629292,1.0,0.4927683500297412,0.5141930609005995,,,,51534.33086402874,6.0,2.1385037667267054e-05,639,0.98,True,,,,,,,,,,,,,,,,,,,,,8224,908,0.328,c945803
a.rt60_distance.rt0.2_d1.s2.nlms_f64,a,rt60_distance,rt0.2_d1,rt0.2_d1_far_single_none_ser0,2,nlms_f64,ok,,,far_single,none,,0.0,0.2,0.19962558834147778,0.20082043661629292,1.0,0.4927683500297412,0.5141930609005995,200.0,0.5,,51534.33086402874,6.0,33.282730685152906,639,1.26,True,,,,,-19.03889951983516,,,,,,,,,,,,,,,,8224,908,1.098,c945803
a.rt60_distance.rt0.2_d1.s2.speex,a,rt60_distance,rt0.2_d1,rt0.2_d1_far_single_none_ser0,2,speex,ok,,,far_single,none,,0.0,0.2,0.19962558834147778,0.20082043661629292,1.0,0.4927683500297412,0.5141930609005995,200.0,,160,51534.33086402874,6.0,35.930067748393014,639,5.12,True,,,,,,,,,,,,,,,,,,,,,8224,908,0.159,c945803
a.rt60_distance.rt0.2_d1.s2.nlms_q15,a,rt60_distance,rt0.2_d1,rt0.2_d1_far_single_none_ser0,2,nlms_q15,ok,,,far_single,none,,0.0,0.2,0.19962558834147778,0.20082043661629292,1.0,0.4927683500297412,0.5141930609005995,200.0,0.5,,51534.33086402874,6.0,23.264094990193684,639,4.180000000000001,True,,,,,-14.10880008363935,16384,1074,15,125658,0.50025,699053670,496,0,0,496,0,0,0.001375,-18.428579330444336,-18.54444694519043,8224,908,10.196,c945803
a.rt60_distance.rt0.2_d2.5.s0.none,a,rt60_distance,rt0.2_d2.5,rt0.2_d2.5_far_single_none_ser0,0,none,ok,,,far_single,none,,0.0,0.2,0.2105648346429411,0.20082043661629292,2.5,0.4927683500297412,0.5141930609005995,,,,51895.39066535614,6.0,-2.0017554937695787e-05,631,0.0,True,,,,,,,,,,,,,,,,,,,,,260,61,0.343,c945803
a.rt60_distance.rt0.2_d2.5.s0.nlms_f64,a,rt60_distance,rt0.2_d2.5,rt0.2_d2.5_far_single_none_ser0,0,nlms_f64,ok,,,far_single,none,,0.0,0.2,0.2105648346429411,0.20082043661629292,2.5,0.4927683500297412,0.5141930609005995,200.0,0.5,,51895.39066535614,6.0,28.670750808539267,631,3.98,True,,,,,-14.616262167664203,,,,,,,,,,,,,,,,260,61,1.095,c945803
a.rt60_distance.rt0.2_d2.5.s0.speex,a,rt60_distance,rt0.2_d2.5,rt0.2_d2.5_far_single_none_ser0,0,speex,ok,,,far_single,none,,0.0,0.2,0.2105648346429411,0.20082043661629292,2.5,0.4927683500297412,0.5141930609005995,200.0,,160,51895.39066535614,6.0,27.67807325794513,631,5.64,True,,,,,,,,,,,,,,,,,,,,,260,61,0.146,c945803
a.rt60_distance.rt0.2_d2.5.s0.nlms_q15,a,rt60_distance,rt0.2_d2.5,rt0.2_d2.5_far_single_none_ser0,0,nlms_q15,ok,,,far_single,none,,0.0,0.2,0.2105648346429411,0.20082043661629292,2.5,0.4927683500297412,0.5141930609005995,200.0,0.5,,51895.39066535614,6.0,19.093400132368416,631,0.33999999999999997,True,,,,,-10.384814359460696,16384,1074,15,110197,0.0566875,649544244,682,0,0,682,0,0,6.25e-05,-15.752304077148438,-15.975522994995117,260,61,9.632,c945803
a.rt60_distance.rt0.2_d2.5.s1.none,a,rt60_distance,rt0.2_d2.5,rt0.2_d2.5_far_single_none_ser0,1,none,ok,,,far_single,none,,0.0,0.2,0.2105648346429411,0.20082043661629292,2.5,0.4927683500297412,0.5141930609005995,,,,37936.493896351254,6.0,-2.578534277500688e-05,677,0.0,True,,,,,,,,,,,,,,,,,,,,,7729,1221,0.328,c945803
a.rt60_distance.rt0.2_d2.5.s1.nlms_f64,a,rt60_distance,rt0.2_d2.5,rt0.2_d2.5_far_single_none_ser0,1,nlms_f64,ok,,,far_single,none,,0.0,0.2,0.2105648346429411,0.20082043661629292,2.5,0.4927683500297412,0.5141930609005995,200.0,0.5,,37936.493896351254,6.0,37.911564710940524,677,5.12,True,,,,,-18.669421079930363,,,,,,,,,,,,,,,,7729,1221,1.127,c945803
a.rt60_distance.rt0.2_d2.5.s1.speex,a,rt60_distance,rt0.2_d2.5,rt0.2_d2.5_far_single_none_ser0,1,speex,ok,,,far_single,none,,0.0,0.2,0.2105648346429411,0.20082043661629292,2.5,0.4927683500297412,0.5141930609005995,200.0,,160,37936.493896351254,6.0,38.44790742543947,677,8.44,True,,,,,,,,,,,,,,,,,,,,,7729,1221,0.155,c945803
a.rt60_distance.rt0.2_d2.5.s1.nlms_q15,a,rt60_distance,rt0.2_d2.5,rt0.2_d2.5_far_single_none_ser0,1,nlms_q15,ok,,,far_single,none,,0.0,0.2,0.2105648346429411,0.20082043661629292,2.5,0.4927683500297412,0.5141930609005995,200.0,0.5,,37936.493896351254,6.0,11.893718605283837,677,0.0,True,,,,,-11.850376787492253,16384,1074,15,65175,0.297875,678659133,554,0,0,554,0,0,0.00175,-15.140876770019531,-13.558992385864258,7729,1221,10.437,c945803
a.rt60_distance.rt0.2_d2.5.s2.none,a,rt60_distance,rt0.2_d2.5,rt0.2_d2.5_far_single_none_ser0,2,none,ok,,,far_single,none,,0.0,0.2,0.2105648346429411,0.20082043661629292,2.5,0.4927683500297412,0.5141930609005995,,,,60323.166509307564,6.0,7.4278313282739055e-06,666,0.12,True,,,,,,,,,,,,,,,,,,,,,8224,908,0.318,c945803
a.rt60_distance.rt0.2_d2.5.s2.nlms_f64,a,rt60_distance,rt0.2_d2.5,rt0.2_d2.5_far_single_none_ser0,2,nlms_f64,ok,,,far_single,none,,0.0,0.2,0.2105648346429411,0.20082043661629292,2.5,0.4927683500297412,0.5141930609005995,200.0,0.5,,60323.166509307564,6.0,33.989359353951386,666,1.2000000000000002,True,,,,,-19.71537556481727,,,,,,,,,,,,,,,,8224,908,1.09,c945803
a.rt60_distance.rt0.2_d2.5.s2.speex,a,rt60_distance,rt0.2_d2.5,rt0.2_d2.5_far_single_none_ser0,2,speex,ok,,,far_single,none,,0.0,0.2,0.2105648346429411,0.20082043661629292,2.5,0.4927683500297412,0.5141930609005995,200.0,,160,60323.166509307564,6.0,30.90687867528135,666,5.04,True,,,,,,,,,,,,,,,,,,,,,8224,908,0.148,c945803
a.rt60_distance.rt0.2_d2.5.s2.nlms_q15,a,rt60_distance,rt0.2_d2.5,rt0.2_d2.5_far_single_none_ser0,2,nlms_q15,ok,,,far_single,none,,0.0,0.2,0.2105648346429411,0.20082043661629292,2.5,0.4927683500297412,0.5141930609005995,200.0,0.5,,60323.166509307564,6.0,19.559751583551765,666,1.1600000000000001,True,,,,,-12.814907053107872,16384,1074,15,115229,0.487375,709049703,204,0,0,204,0,0,0.0015,-15.32396125793457,-15.026093482971191,8224,908,10.091,c945803
a.rt60_distance.rt0.4_d0.3.s0.none,a,rt60_distance,rt0.4_d0.3,rt0.4_d0.3_far_single_none_ser0,0,none,ok,,,far_single,none,,0.0,0.4,0.4071691693204404,0.4092831603055453,0.3,0.2892335967565872,0.25709653045029973,,,,14538.084474390864,6.0,-3.102593061484793e-05,672,0.48,True,,,,,,,,,,,,,,,,,,,,,260,61,0.498,c945803
a.rt60_distance.rt0.4_d0.3.s0.nlms_f64,a,rt60_distance,rt0.4_d0.3,rt0.4_d0.3_far_single_none_ser0,0,nlms_f64,ok,,,far_single,none,,0.0,0.4,0.4071691693204404,0.4092831603055453,0.3,0.2892335967565872,0.25709653045029973,200.0,0.5,,14538.084474390864,6.0,27.454133986573787,672,3.8200000000000003,True,,,,,-16.295204401667995,,,,,,,,,,,,,,,,260,61,1.144,c945803
a.rt60_distance.rt0.4_d0.3.s0.speex,a,rt60_distance,rt0.4_d0.3,rt0.4_d0.3_far_single_none_ser0,0,speex,ok,,,far_single,none,,0.0,0.4,0.4071691693204404,0.4092831603055453,0.3,0.2892335967565872,0.25709653045029973,200.0,,160,14538.084474390864,6.0,27.61481900726161,672,5.62,True,,,,,,,,,,,,,,,,,,,,,260,61,0.155,c945803
a.rt60_distance.rt0.4_d0.3.s0.nlms_q15,a,rt60_distance,rt0.4_d0.3,rt0.4_d0.3_far_single_none_ser0,0,nlms_q15,ok,,,far_single,none,,0.0,0.4,0.4071691693204404,0.4092831603055453,0.3,0.2892335967565872,0.25709653045029973,200.0,0.5,,14538.084474390864,6.0,12.433382641057303,672,0.0,True,,,,,-1.8198473476350674,16384,1074,15,29219,0.23825,486330958,32730,0,0,6957,25773,33605,0.000125,-2.443962812423706,-3.1366426944732666,260,61,10.486,c945803
a.rt60_distance.rt0.4_d0.3.s1.none,a,rt60_distance,rt0.4_d0.3,rt0.4_d0.3_far_single_none_ser0,1,none,ok,,,far_single,none,,0.0,0.4,0.4071691693204404,0.4092831603055453,0.3,0.2892335967565872,0.25709653045029973,,,,10239.963090022613,6.0,-6.302775432471893e-05,699,0.0,True,,,,,,,,,,,,,,,,,,,,,7729,1221,0.337,c945803
a.rt60_distance.rt0.4_d0.3.s1.nlms_f64,a,rt60_distance,rt0.4_d0.3,rt0.4_d0.3_far_single_none_ser0,1,nlms_f64,ok,,,far_single,none,,0.0,0.4,0.4071691693204404,0.4092831603055453,0.3,0.2892335967565872,0.25709653045029973,200.0,0.5,,10239.963090022613,6.0,28.02491079106793,699,0.5,True,,,,,-22.072335271236014,,,,,,,,,,,,,,,,7729,1221,1.107,c945803
a.rt60_distance.rt0.4_d0.3.s1.speex,a,rt60_distance,rt0.4_d0.3,rt0.4_d0.3_far_single_none_ser0,1,speex,ok,,,far_single,none,,0.0,0.4,0.4071691693204404,0.4092831603055453,0.3,0.2892335967565872,0.25709653045029973,200.0,,160,10239.963090022613,6.0,28.608725703874413,699,8.600000000000001,True,,,,,,,,,,,,,,,,,,,,,7729,1221,0.166,c945803
a.rt60_distance.rt0.4_d0.3.s1.nlms_q15,a,rt60_distance,rt0.4_d0.3,rt0.4_d0.3_far_single_none_ser0,1,nlms_q15,ok,,,far_single,none,,0.0,0.4,0.4071691693204404,0.4092831603055453,0.3,0.2892335967565872,0.25709653045029973,200.0,0.5,,10239.963090022613,6.0,17.096164518479334,699,0.42,True,,,,,-1.5121047498608315,16384,1074,15,27876,0.3393125,539138538,41626,0,0,13545,28081,31058,0.0019375,-1.804319977760315,-2.2130179405212402,7729,1221,10.835,c945803
a.rt60_distance.rt0.4_d0.3.s2.none,a,rt60_distance,rt0.4_d0.3,rt0.4_d0.3_far_single_none_ser0,2,none,ok,,,far_single,none,,0.0,0.4,0.4071691693204404,0.4092831603055453,0.3,0.2892335967565872,0.25709653045029973,,,,16591.103887424037,6.0,1.1224959777959731e-05,701,0.0,True,,,,,,,,,,,,,,,,,,,,,8224,908,0.329,c945803
a.rt60_distance.rt0.4_d0.3.s2.nlms_f64,a,rt60_distance,rt0.4_d0.3,rt0.4_d0.3_far_single_none_ser0,2,nlms_f64,ok,,,far_single,none,,0.0,0.4,0.4071691693204404,0.4092831603055453,0.3,0.2892335967565872,0.25709653045029973,200.0,0.5,,16591.103887424037,6.0,33.600101488815135,701,6.74,True,,,,,-19.268265513940747,,,,,,,,,,,,,,,,8224,908,1.1,c945803
a.rt60_distance.rt0.4_d0.3.s2.speex,a,rt60_distance,rt0.4_d0.3,rt0.4_d0.3_far_single_none_ser0,2,speex,ok,,,far_single,none,,0.0,0.4,0.4071691693204404,0.4092831603055453,0.3,0.2892335967565872,0.25709653045029973,200.0,,160,16591.103887424037,6.0,26.966043533528126,701,5.0600000000000005,True,,,,,,,,,,,,,,,,,,,,,8224,908,0.157,c945803
a.rt60_distance.rt0.4_d0.3.s2.nlms_q15,a,rt60_distance,rt0.4_d0.3,rt0.4_d0.3_far_single_none_ser0,2,nlms_q15,ok,,,far_single,none,,0.0,0.4,0.4071691693204404,0.4092831603055453,0.3,0.2892335967565872,0.25709653045029973,200.0,0.5,,16591.103887424037,6.0,18.46745606465458,701,0.0,True,,,,,-1.8136268023055158,16384,1074,15,40381,0.5576875,506781670,32589,0,0,5195,27394,29111,0.0020625,-2.2719192504882812,-2.396500587463379,8224,908,10.834,c945803
a.rt60_distance.rt0.4_d1.s0.none,a,rt60_distance,rt0.4_d1,rt0.4_d1_far_single_none_ser0,0,none,ok,,,far_single,none,,0.0,0.4,0.4012963668293653,0.4092831603055453,1.0,0.2892335967565872,0.25709653045029973,,,,31891.71620678807,6.0,-3.2185746066892608e-06,638,0.0,True,,,,,,,,,,,,,,,,,,,,,260,61,0.502,c945803
a.rt60_distance.rt0.4_d1.s0.nlms_f64,a,rt60_distance,rt0.4_d1,rt0.4_d1_far_single_none_ser0,0,nlms_f64,ok,,,far_single,none,,0.0,0.4,0.4012963668293653,0.4092831603055453,1.0,0.2892335967565872,0.25709653045029973,200.0,0.5,,31891.71620678807,6.0,24.803757915399846,638,2.46,True,,,,,-14.387625411598897,,,,,,,,,,,,,,,,260,61,2.59,c945803
a.rt60_distance.rt0.4_d1.s0.speex,a,rt60_distance,rt0.4_d1,rt0.4_d1_far_single_none_ser0,0,speex,ok,,,far_single,none,,0.0,0.4,0.4012963668293653,0.4092831603055453,1.0,0.2892335967565872,0.25709653045029973,200.0,,160,31891.71620678807,6.0,23.932681633895875,638,5.62,True,,,,,,,,,,,,,,,,,,,,,260,61,0.155,c945803
a.rt60_distance.rt0.4_d1.s0.nlms_q15,a,rt60_distance,rt0.4_d1,rt0.4_d1_far_single_none_ser0,0,nlms_q15,ok,,,far_single,none,,0.0,0.4,0.4012963668293653,0.4092831603055453,1.0,0.2892335967565872,0.25709653045029973,200.0,0.5,,31891.71620678807,6.0,20.094300101348082,638,0.3400000000000001,True,,,,,-11.477513235540409,16384,1074,15,68724,0.215125,615458026,3161,0,0,3161,0,0,6.25e-05,-16.162080764770508,-19.65204429626465,260,61,12.186,c945803
a.rt60_distance.rt0.4_d1.s1.none,a,rt60_distance,rt0.4_d1,rt0.4_d1_far_single_none_ser0,1,none,ok,,,far_single,none,,0.0,0.4,0.4012963668293653,0.4092831603055453,1.0,0.2892335967565872,0.25709653045029973,,,,28866.693499851983,6.0,-9.688488311833146e-07,694,0.0,True,,,,,,,,,,,,,,,,,,,,,7729,1221,0.332,c945803
a.rt60_distance.rt0.4_d1.s1.nlms_f64,a,rt60_distance,rt0.4_d1,rt0.4_d1_far_single_none_ser0,1,nlms_f64,ok,,,far_single,none,,0.0,0.4,0.4012963668293653,0.4092831603055453,1.0,0.2892335967565872,0.25709653045029973,200.0,0.5,,28866.693499851983,6.0,23.81285786301352,694,2.32,True,,,,,-18.340293704544173,,,,,,,,,,,,,,,,7729,1221,2.611,c945803
a.rt60_distance.rt0.4_d1.s1.speex,a,rt60_distance,rt0.4_d1,rt0.4_d1_far_single_none_ser0,1,speex,ok,,,far_single,none,,0.0,0.4,0.4012963668293653,0.4092831603055453,1.0,0.2892335967565872,0.25709653045029973,200.0,,160,28866.693499851983,6.0,29.510461677915586,694,7.8,True,,,,,,,,,,,,,,,,,,,,,7729,1221,0.167,c945803
a.rt60_distance.rt0.4_d1.s1.nlms_q15,a,rt60_distance,rt0.4_d1,rt0.4_d1_far_single_none_ser0,1,nlms_q15,ok,,,far_single,none,,0.0,0.4,0.4012963668293653,0.4092831603055453,1.0,0.2892335967565872,0.25709653045029973,200.0,0.5,,28866.693499851983,6.0,15.846577901549258,694,0.37999999999999995,True,,,,,-13.822099910757771,16384,1074,15,43896,0.3071875,649018442,1656,0,0,1656,0,0,0.001625,-18.498844146728516,-17.44708824157715,7729,1221,12.884,c945803
a.rt60_distance.rt0.4_d1.s2.none,a,rt60_distance,rt0.4_d1,rt0.4_d1_far_single_none_ser0,2,none,ok,,,far_single,none,,0.0,0.4,0.4012963668293653,0.4092831603055453,1.0,0.2892335967565872,0.25709653045029973,,,,40752.38218907314,6.0,-1.8185105011157572e-05,643,0.38,True,,,,,,,,,,,,,,,,,,,,,8224,908,0.329,c945803
a.rt60_distance.rt0.4_d1.s2.nlms_f64,a,rt60_distance,rt0.4_d1,rt0.4_d1_far_single_none_ser0,2,nlms_f64,ok,,,far_single,none,,0.0,0.4,0.4012963668293653,0.4092831603055453,1.0,0.2892335967565872,0.25709653045029973,200.0,0.5,,40752.38218907314,6.0,30.779601765908037,643,1.26,True,,,,,-18.52142570227443,,,,,,,,,,,,,,,,8224,908,2.62,c945803
a.rt60_distance.rt0.4_d1.s2.speex,a,rt60_distance,rt0.4_d1,rt0.4_d1_far_single_none_ser0,2,speex,ok,,,far_single,none,,0.0,0.4,0.4012963668293653,0.4092831603055453,1.0,0.2892335967565872,0.25709653045029973,200.0,,160,40752.38218907314,6.0,27.02390000833762,643,5.140000000000001,True,,,,,,,,,,,,,,,,,,,,,8224,908,0.153,c945803
a.rt60_distance.rt0.4_d1.s2.nlms_q15,a,rt60_distance,rt0.4_d1,rt0.4_d1_far_single_none_ser0,2,nlms_q15,ok,,,far_single,none,,0.0,0.4,0.4012963668293653,0.4092831603055453,1.0,0.2892335967565872,0.25709653045029973,200.0,0.5,,40752.38218907314,6.0,23.562637418621758,643,4.22,True,,,,,-14.376272081249105,16384,1074,15,105145,0.54775,678239011,725,0,0,725,0,0,0.001375,-19.227798461914062,-19.353471755981445,8224,908,12.266,c945803
a.rt60_distance.rt0.4_d2.5.s0.none,a,rt60_distance,rt0.4_d2.5,rt0.4_d2.5_far_single_none_ser0,0,none,ok,,,far_single,none,,0.0,0.4,0.4288420158186444,0.4092831603055453,2.5,0.2892335967565872,0.25709653045029973,,,,41936.29773586672,6.0,-1.4025181148362618e-06,637,0.48,True,,,,,,,,,,,,,,,,,,,,,260,61,0.477,c945803
a.rt60_distance.rt0.4_d2.5.s0.nlms_f64,a,rt60_distance,rt0.4_d2.5,rt0.4_d2.5_far_single_none_ser0,0,nlms_f64,ok,,,far_single,none,,0.0,0.4,0.4288420158186444,0.4092831603055453,2.5,0.2892335967565872,0.25709653045029973,200.0,0.5,,41936.29773586672,6.0,23.36397566324871,637,2.34,True,,,,,-10.588447030589144,,,,,,,,,,,,,,,,260,61,1.084,c945803
a.rt60_distance.rt0.4_d2.5.s0.speex,a,rt60_distance,rt0.4_d2.5,rt0.4_d2.5_far_single_none_ser0,0,speex,ok,,,far_single,none,,0.0,0.4,0.4288420158186444,0.4092831603055453,2.5,0.2892335967565872,0.25709653045029973,200.0,,160,41936.29773586672,6.0,22.525071055835618,637,4.92,True,,,,,,,,,,,,,,,,,,,,,260,61,0.151,c945803
a.rt60_distance.rt0.4_d2.5.s0.nlms_q15,a,rt60_distance,rt0.4_d2.5,rt0.4_d2.5_far_single_none_ser0,0,nlms_q15,ok,,,far_single,none,,0.0,0.4,0.4288420158186444,0.4092831603055453,2.5,0.2892335967565872,0.25709653045029973,200.0,0.5,,41936.29773586672,6.0,18.811739214978026,637,0.04000000000000001,True,,,,,-10.539896064333483,16384,1074,15,67296,0.09175,624490706,3513,0,0,3513,0,0,6.25e-05,-11.1416597366333,-17.762042999267578,260,61,10.429,c945803
a.rt60_distance.rt0.4_d2.5.s1.none,a,rt60_distance,rt0.4_d2.5,rt0.4_d2.5_far_single_none_ser0,1,none,ok,,,far_single,none,,0.0,0.4,0.4288420158186444,0.4092831603055453,2.5,0.2892335967565872,0.25709653045029973,,,,34499.72998943046,6.0,-3.1362418135635365e-05,691,0.0,True,,,,,,,,,,,,,,,,,,,,,7729,1221,0.368,c945803
a.rt60_distance.rt0.4_d2.5.s1.nlms_f64,a,rt60_distance,rt0.4_d2.5,rt0.4_d2.5_far_single_none_ser0,1,nlms_f64,ok,,,far_single,none,,0.0,0.4,0.4288420158186444,0.4092831603055453,2.5,0.2892335967565872,0.25709653045029973,200.0,0.5,,34499.72998943046,6.0,22.355323039218575,691,0.44000000000000006,True,,,,,-16.45822512907361,,,,,,,,,,,,,,,,7729,1221,1.094,c945803
a.rt60_distance.rt0.4_d2.5.s1.speex,a,rt60_distance,rt0.4_d2.5,rt0.4_d2.5_far_single_none_ser0,1,speex,ok,,,far_single,none,,0.0,0.4,0.4288420158186444,0.4092831603055453,2.5,0.2892335967565872,0.25709653045029973,200.0,,160,34499.72998943046,6.0,27.191268996032083,691,5.78,True,,,,,,,,,,,,,,,,,,,,,7729,1221,0.158,c945803
a.rt60_distance.rt0.4_d2.5.s1.nlms_q15,a,rt60_distance,rt0.4_d2.5,rt0.4_d2.5_far_single_none_ser0,1,nlms_q15,ok,,,far_single,none,,0.0,0.4,0.4288420158186444,0.4092831603055453,2.5,0.2892335967565872,0.25709653045029973,200.0,0.5,,34499.72998943046,6.0,14.973073577941951,691,0.0,True,,,,,-12.25226253729232,16384,1074,15,43124,0.3039375,652495084,936,0,0,936,0,0,0.0016875,-16.86618423461914,-15.694221496582031,7729,1221,11.069,c945803
a.rt60_distance.rt0.4_d2.5.s2.none,a,rt60_distance,rt0.4_d2.5,rt0.4_d2.5_far_single_none_ser0,2,none,ok,,,far_single,none,,0.0,0.4,0.4288420158186444,0.4092831603055453,2.5,0.2892335967565872,0.25709653045029973,,,,38058.94268935299,6.0,1.5523044722430065e-05,695,0.5999999999999999,True,,,,,,,,,,,,,,,,,,,,,8224,908,0.326,c945803
a.rt60_distance.rt0.4_d2.5.s2.nlms_f64,a,rt60_distance,rt0.4_d2.5,rt0.4_d2.5_far_single_none_ser0,2,nlms_f64,ok,,,far_single,none,,0.0,0.4,0.4288420158186444,0.4092831603055453,2.5,0.2892335967565872,0.25709653045029973,200.0,0.5,,38058.94268935299,6.0,31.73707599094143,695,1.22,True,,,,,-18.85180808998445,,,,,,,,,,,,,,,,8224,908,1.077,c945803
a.rt60_distance.rt0.4_d2.5.s2.speex,a,rt60_distance,rt0.4_d2.5,rt0.4_d2.5_far_single_none_ser0,2,speex,ok,,,far_single,none,,0.0,0.4,0.4288420158186444,0.4092831603055453,2.5,0.2892335967565872,0.25709653045029973,200.0,,160,38058.94268935299,6.0,24.08788581100932,695,5.0600000000000005,True,,,,,,,,,,,,,,,,,,,,,8224,908,0.15,c945803
a.rt60_distance.rt0.4_d2.5.s2.nlms_q15,a,rt60_distance,rt0.4_d2.5,rt0.4_d2.5_far_single_none_ser0,2,nlms_q15,ok,,,far_single,none,,0.0,0.4,0.4288420158186444,0.4092831603055453,2.5,0.2892335967565872,0.25709653045029973,200.0,0.5,,38058.94268935299,6.0,23.495180825545066,695,1.22,True,,,,,-14.137984187912272,16384,1074,15,97739,0.5489375,683760005,660,0,0,660,0,0,0.00175,-17.45118522644043,-17.5591983795166,8224,908,10.358,c945803
a.rt60_distance.rt0.6_d0.3.s0.none,a,rt60_distance,rt0.6_d0.3,rt0.6_d0.3_far_single_none_ser0,0,none,ok,,,far_single,none,,0.0,0.6,0.6182076950472768,0.6280926862461312,0.3,0.20353475327315396,0.1713976869668665,,,,14185.344638298942,6.0,-2.3253623556352236e-05,679,0.0,True,,,,,,,,,,,,,,,,,,,,,260,61,0.948,c945803
a.rt60_distance.rt0.6_d0.3.s0.nlms_f64,a,rt60_distance,rt0.6_d0.3,rt0.6_d0.3_far_single_none_ser0,0,nlms_f64,ok,,,far_single,none,,0.0,0.6,0.6182076950472768,0.6280926862461312,0.3,0.20353475327315396,0.1713976869668665,200.0,0.5,,14185.344638298942,6.0,21.60686254085792,679,0.060000000000000026,True,,,,,-7.925597148437747,,,,,,,,,,,,,,,,260,61,1.093,c945803
a.rt60_distance.rt0.6_d0.3.s0.speex,a,rt60_distance,rt0.6_d0.3,rt0.6_d0.3_far_single_none_ser0,0,speex,ok,,,far_single,none,,0.0,0.6,0.6182076950472768,0.6280926862461312,0.3,0.20353475327315396,0.1713976869668665,200.0,,160,14185.344638298942,6.0,22.091134778173803,679,5.54,True,,,,,,,,,,,,,,,,,,,,,260,61,0.158,c945803
a.rt60_distance.rt0.6_d0.3.s0.nlms_q15,a,rt60_distance,rt0.6_d0.3,rt0.6_d0.3_far_single_none_ser0,0,nlms_q15,ok,,,far_single,none,,0.0,0.6,0.6182076950472768,0.6280926862461312,0.3,0.20353475327315396,0.1713976869668665,200.0,0.5,,14185.344638298942,6.0,12.656246606143029,679,0.0,True,,,,,-2.0236609627106987,16384,1074,15,24534,0.2339375,463300161,39523,0,0,14118,25405,33146,0.000125,-2.67431378364563,-3.3936421871185303,260,61,10.696,c945803
a.rt60_distance.rt0.6_d0.3.s1.none,a,rt60_distance,rt0.6_d0.3,rt0.6_d0.3_far_single_none_ser0,1,none,ok,,,far_single,none,,0.0,0.6,0.6182076950472768,0.6280926862461312,0.3,0.20353475327315396,0.1713976869668665,,,,10089.684335460692,6.0,-2.338034464981333e-05,712,0.0,True,,,,,,,,,,,,,,,,,,,,,7729,1221,0.346,c945803
a.rt60_distance.rt0.6_d0.3.s1.nlms_f64,a,rt60_distance,rt0.6_d0.3,rt0.6_d0.3_far_single_none_ser0,1,nlms_f64,ok,,,far_single,none,,0.0,0.6,0.6182076950472768,0.6280926862461312,0.3,0.20353475327315396,0.1713976869668665,200.0,0.5,,10089.684335460692,6.0,17.375356038227203,712,0.08000000000000002,True,,,,,-14.474762158301397,,,,,,,,,,,,,,,,7729,1221,1.114,c945803
a.rt60_distance.rt0.6_d0.3.s1.speex,a,rt60_distance,rt0.6_d0.3,rt0.6_d0.3_far_single_none_ser0,1,speex,ok,,,far_single,none,,0.0,0.6,0.6182076950472768,0.6280926862461312,0.3,0.20353475327315396,0.1713976869668665,200.0,,160,10089.684335460692,6.0,22.958704896405884,712,8.520000000000001,True,,,,,,,,,,,,,,,,,,,,,7729,1221,0.156,c945803
a.rt60_distance.rt0.6_d0.3.s1.nlms_q15,a,rt60_distance,rt0.6_d0.3,rt0.6_d0.3_far_single_none_ser0,1,nlms_q15,ok,,,far_single,none,,0.0,0.6,0.6182076950472768,0.6280926862461312,0.3,0.20353475327315396,0.1713976869668665,200.0,0.5,,10089.684335460692,6.0,15.94038947888898,712,0.39999999999999997,True,,,,,-1.6994948291307952,16384,1074,15,19947,0.337875,505011908,41596,0,0,16123,25473,28045,0.0019375,-1.9880223274230957,-2.059264898300171,7729,1221,10.76,c945803
a.rt60_distance.rt0.6_d0.3.s2.none,a,rt60_distance,rt0.6_d0.3,rt0.6_d0.3_far_single_none_ser0,2,none,ok,,,far_single,none,,0.0,0.6,0.6182076950472768,0.6280926862461312,0.3,0.20353475327315396,0.1713976869668665,,,,15940.794537194499,6.0,-2.39813600935418e-05,703,0.05999999999999994,True,,,,,,,,,,,,,,,,,,,,,8224,908,0.341,c945803
a.rt60_distance.rt0.6_d0.3.s2.nlms_f64,a,rt60_distance,rt0.6_d0.3,rt0.6_d0.3_far_single_none_ser0,2,nlms_f64,ok,,,far_single,none,,0.0,0.6,0.6182076950472768,0.6280926862461312,0.3,0.20353475327315396,0.1713976869668665,200.0,0.5,,15940.794537194499,6.0,29.337685968393313,703,1.32,True,,,,,-18.50772498276413,,,,,,,,,,,,,,,,8224,908,1.092,c945803
a.rt60_distance.rt0.6_d0.3.s2.speex,a,rt60_distance,rt0.6_d0.3,rt0.6_d0.3_far_single_none_ser0,2,speex,ok,,,far_single,none,,0.0,0.6,0.6182076950472768,0.6280926862461312,0.3,0.20353475327315396,0.1713976869668665,200.0,,160,15940.794537194499,6.0,22.05644497751699,703,5.0600000000000005,True,,,,,,,,,,,,,,,,,,,,,8224,908,0.149,c945803
a.rt60_distance.rt0.6_d0.3.s2.nlms_q15,a,rt60_distance,rt0.6_d0.3,rt0.6_d0.3_far_single_none_ser0,2,nlms_q15,ok,,,far_single,none,,0.0,0.6,0.6182076950472768,0.6280926862461312,0.3,0.20353475327315396,0.1713976869668665,200.0,0.5,,15940.794537194499,6.0,18.518343957444376,703,0.0,True,,,,,-2.0360937018455774,16384,1074,15,34865,0.5690625,490326324,32863,0,0,5640,27223,29021,0.0020625,-2.523264169692993,-2.653747081756592,8224,908,11.318,c945803
a.rt60_distance.rt0.6_d1.s0.none,a,rt60_distance,rt0.6_d1,rt0.6_d1_far_single_none_ser0,0,none,ok,,,far_single,none,,0.0,0.6,0.6152912272173866,0.6280926862461312,1.0,0.20353475327315396,0.1713976869668665,,,,28786.963833222188,6.0,1.1207727100988174e-05,649,0.0,True,,,,,,,,,,,,,,,,,,,,,260,61,0.838,c945803
a.rt60_distance.rt0.6_d1.s0.nlms_f64,a,rt60_distance,rt0.6_d1,rt0.6_d1_far_single_none_ser0,0,nlms_f64,ok,,,far_single,none,,0.0,0.6,0.6152912272173866,0.6280926862461312,1.0,0.20353475327315396,0.1713976869668665,200.0,0.5,,28786.963833222188,6.0,19.02791934398767,649,0.060000000000000026,True,,,,,-5.960196916082655,,,,,,,,,,,,,,,,260,61,1.072,c945803
a.rt60_distance.rt0.6_d1.s0.speex,a,rt60_distance,rt0.6_d1,rt0.6_d1_far_single_none_ser0,0,speex,ok,,,far_single,none,,0.0,0.6,0.6152912272173866,0.6280926862461312,1.0,0.20353475327315396,0.1713976869668665,200.0,,160,28786.963833222188,6.0,18.82515653524428,649,4.96,True,,,,,,,,,,,,,,,,,,,,,260,61,0.157,c945803
a.rt60_distance.rt0.6_d1.s0.nlms_q15,a,rt60_distance,rt0.6_d1,rt0.6_d1_far_single_none_ser0,0,nlms_q15,ok,,,far_single,none,,0.0,0.6,0.6152912272173866,0.6280926862461312,1.0,0.20353475327315396,0.1713976869668665,200.0,0.5,,28786.963833222188,6.0,17.258738724721397,649,0.020000000000000018,True,,,,,-10.730752020118777,16384,1074,15,44138,0.214125,570712503,10186,0,0,10186,0,0,6.25e-05,-6.647728443145752,-19.620967864990234,260,61,10.264,c945803
a.rt60_distance.rt0.6_d1.s1.none,a,rt60_distance,rt0.6_d1,rt0.6_d1_far_single_none_ser0,1,none,ok,,,far_single,none,,0.0,0.6,0.6152912272173866,0.6280926862461312,1.0,0.20353475327315396,0.1713976869668665,,,,27537.302596071473,6.0,-2.40765080202381e-05,710,0.0,True,,,,,,,,,,,,,,,,,,,,,7729,1221,0.315,c945803
a.rt60_distance.rt0.6_d1.s1.nlms_f64,a,rt60_distance,rt0.6_d1,rt0.6_d1_far_single_none_ser0,1,nlms_f64,ok,,,far_single,none,,0.0,0.6,0.6152912272173866,0.6280926862461312,1.0,0.20353475327315396,0.1713976869668665,200.0,0.5,,27537.302596071473,6.0,14.31795123798175,710,0.06,True,,,,,-11.061757572388007,,,,,,,,,,,,,,,,7729,1221,1.05,c945803
a.rt60_distance.rt0.6_d1.s1.speex,a,rt60_distance,rt0.6_d1,rt0.6_d1_far_single_none_ser0,1,speex,ok,,,far_single,none,,0.0,0.6,0.6152912272173866,0.6280926862461312,1.0,0.20353475327315396,0.1713976869668665,200.0,,160,27537.302596071473,6.0,21.20572833218219,710,5.78,True,,,,,,,,,,,,,,,,,,,,,7729,1221,0.151,c945803
a.rt60_distance.rt0.6_d1.s1.nlms_q15,a,rt60_distance,rt0.6_d1,rt0.6_d1_far_single_none_ser0,1,nlms_q15,ok,,,far_single,none,,0.0,0.6,0.6152912272173866,0.6280926862461312,1.0,0.20353475327315396,0.1713976869668665,200.0,0.5,,27537.302596071473,6.0,14.12970788975922,710,0.34,True,,,,,-11.324788590854098,16384,1074,15,27510,0.311375,584638839,5668,0,0,5668,0,0,0.001625,-13.46349048614502,-12.870868682861328,7729,1221,10.467,c945803
a.rt60_distance.rt0.6_d1.s2.none,a,rt60_distance,rt0.6_d1,rt0.6_d1_far_single_none_ser0,2,none,ok,,,far_single,none,,0.0,0.6,0.6152912272173866,0.6280926862461312,1.0,0.20353475327315396,0.1713976869668665,,,,33589.022960152164,6.0,9.224993430141994e-06,651,0.0,True,,,,,,,,,,,,,,,,,,,,,8224,908,0.328,c945803
a.rt60_distance.rt0.6_d1.s2.nlms_f64,a,rt60_distance,rt0.6_d1,rt0.6_d1_far_single_none_ser0,2,nlms_f64,ok,,,far_single,none,,0.0,0.6,0.6152912272173866,0.6280926862461312,1.0,0.20353475327315396,0.1713976869668665,200.0,0.5,,33589.022960152164,6.0,24.775916996810107,651,1.24,True,,,,,-17.21479940258759,,,,,,,,,,,,,,,,8224,908,1.062,c945803
a.rt60_distance.rt0.6_d1.s2.speex,a,rt60_distance,rt0.6_d1,rt0.6_d1_far_single_none_ser0,2,speex,ok,,,far_single,none,,0.0,0.6,0.6152912272173866,0.6280926862461312,1.0,0.20353475327315396,0.1713976869668665,200.0,,160,33589.022960152164,6.0,20.289410678701916,651,4.84,True,,,,,,,,,,,,,,,,,,,,,8224,908,0.141,c945803
a.rt60_distance.rt0.6_d1.s2.nlms_q15,a,rt60_distance,rt0.6_d1,rt0.6_d1_far_single_none_ser0,2,nlms_q15,ok,,,far_single,none,,0.0,0.6,0.6152912272173866,0.6280926862461312,1.0,0.20353475327315396,0.1713976869668665,200.0,0.5,,33589.022960152164,6.0,21.578383212819716,651,0.0,True,,,,,-14.62264994391315,16384,1074,15,68250,0.549625,633456131,977,0,0,977,0,0,0.0015,-19.261754989624023,-19.644628524780273,8224,908,10.239,c945803
a.rt60_distance.rt0.6_d2.5.s0.none,a,rt60_distance,rt0.6_d2.5,rt0.6_d2.5_far_single_none_ser0,0,none,ok,,,far_single,none,,0.0,0.6,0.6473058289161078,0.6280926862461312,2.5,0.20353475327315396,0.1713976869668665,,,,32003.745358701013,6.0,7.864584172898897e-06,653,0.0,True,,,,,,,,,,,,,,,,,,,,,260,61,0.789,c945803
a.rt60_distance.rt0.6_d2.5.s0.nlms_f64,a,rt60_distance,rt0.6_d2.5,rt0.6_d2.5_far_single_none_ser0,0,nlms_f64,ok,,,far_single,none,,0.0,0.6,0.6473058289161078,0.6280926862461312,2.5,0.20353475327315396,0.1713976869668665,200.0,0.5,,32003.745358701013,6.0,17.00151300758564,653,0.0,True,,,,,0.7884551609439652,,,,,,,,,,,,,,,,260,61,1.051,c945803
a.rt60_distance.rt0.6_d2.5.s0.speex,a,rt60_distance,rt0.6_d2.5,rt0.6_d2.5_far_single_none_ser0,0,speex,ok,,,far_single,none,,0.0,0.6,0.6473058289161078,0.6280926862461312,2.5,0.20353475327315396,0.1713976869668665,200.0,,160,32003.745358701013,6.0,17.125713514801305,653,4.8999999999999995,True,,,,,,,,,,,,,,,,,,,,,260,61,0.151,c945803
a.rt60_distance.rt0.6_d2.5.s0.nlms_q15,a,rt60_distance,rt0.6_d2.5,rt0.6_d2.5_far_single_none_ser0,0,nlms_q15,ok,,,far_single,none,,0.0,0.6,0.6473058289161078,0.6280926862461312,2.5,0.20353475327315396,0.1713976869668665,200.0,0.5,,32003.745358701013,6.0,15.70491241518078,653,0.0,True,,,,,-9.513186118063294,16384,1074,15,41293,0.217375,566787309,10906,0,0,10906,0,0,6.25e-05,-2.1540000438690186,-17.40768051147461,260,61,10.258,c945803
a.rt60_distance.rt0.6_d2.5.s1.none,a,rt60_distance,rt0.6_d2.5,rt0.6_d2.5_far_single_none_ser0,1,none,ok,,,far_single,none,,0.0,0.6,0.6473058289161078,0.6280926862461312,2.5,0.20353475327315396,0.1713976869668665,,,,28131.91527032028,6.0,-7.640476568163423e-06,707,0.0,True,,,,,,,,,,,,,,,,,,,,,7729,1221,0.311,c945803
a.rt60_distance.rt0.6_d2.5.s1.nlms_f64,a,rt60_distance,rt0.6_d2.5,rt0.6_d2.5_far_single_none_ser0,1,nlms_f64,ok,,,far_single,none,,0.0,0.6,0.6473058289161078,0.6280926862461312,2.5,0.20353475327315396,0.1713976869668665,200.0,0.5,,28131.91527032028,6.0,12.49982403010039,707,0.13999999999999996,True,,,,,-7.727397736783668,,,,,,,,,,,,,,,,7729,1221,1.087,c945803
a.rt60_distance.rt0.6_d2.5.s1.speex,a,rt60_distance,rt0.6_d2.5,rt0.6_d2.5_far_single_none_ser0,1,speex,ok,,,far_single,none,,0.0,0.6,0.6473058289161078,0.6280926862461312,2.5,0.20353475327315396,0.1713976869668665,200.0,,160,28131.91527032028,6.0,19.48828857778925,707,5.22,True,,,,,,,,,,,,,,,,,,,,,7729,1221,0.148,c945803
a.rt60_distance.rt0.6_d2.5.s1.nlms_q15,a,rt60_distance,rt0.6_d2.5,rt0.6_d2.5_far_single_none_ser0,1,nlms_q15,ok,,,far_single,none,,0.0,0.6,0.6473058289161078,0.6280926862461312,2.5,0.20353475327315396,0.1713976869668665,200.0,0.5,,28131.91527032028,6.0,12.831917338638142,707,0.32,True,,,,,-9.766011203374784,16384,1074,15,24303,0.3093125,573437084,5211,0,0,5211,0,0,0.00175,-10.347400665283203,-9.897456169128418,7729,1221,10.694,c945803
a.rt60_distance.rt0.6_d2.5.s2.none,a,rt60_distance,rt0.6_d2.5,rt0.6_d2.5_far_single_none_ser0,2,none,ok,,,far_single,none,,0.0,0.6,0.6473058289161078,0.6280926862461312,2.5,0.20353475327315396,0.1713976869668665,,,,27821.547505824044,6.0,-2.4341098793630052e-05,700,0.5999999999999999,True,,,,,,,,,,,,,,,,,,,,,8224,908,0.583,c945803
a.rt60_distance.rt0.6_d2.5.s2.nlms_f64,a,rt60_distance,rt0.6_d2.5,rt0.6_d2.5_far_single_none_ser0,2,nlms_f64,ok,,,far_single,none,,0.0,0.6,0.6473058289161078,0.6280926862461312,2.5,0.20353475327315396,0.1713976869668665,200.0,0.5,,27821.547505824044,6.0,25.37023848703415,700,1.18,True,,,,,-16.092187647978015,,,,,,,,,,,,,,,,8224,908,1.084,c945803
a.rt60_distance.rt0.6_d2.5.s2.speex,a,rt60_distance,rt0.6_d2.5,rt0.6_d2.5_far_single_none_ser0,2,speex,ok,,,far_single,none,,0.0,0.6,0.6473058289161078,0.6280926862461312,2.5,0.20353475327315396,0.1713976869668665,200.0,,160,27821.547505824044,6.0,18.413215528337503,700,4.12,True,,,,,,,,,,,,,,,,,,,,,8224,908,0.153,c945803
a.rt60_distance.rt0.6_d2.5.s2.nlms_q15,a,rt60_distance,rt0.6_d2.5,rt0.6_d2.5_far_single_none_ser0,2,nlms_q15,ok,,,far_single,none,,0.0,0.6,0.6473058289161078,0.6280926862461312,2.5,0.20353475327315396,0.1713976869668665,200.0,0.5,,27821.547505824044,6.0,21.555486772105475,700,1.18,True,,,,,-14.226960082171484,16384,1074,15,61247,0.547625,627501546,1112,0,0,1112,0,0,0.0020625,-17.868642807006836,-18.41224479675293,8224,908,10.143,c945803
a.rt60_distance.rt0.8_d0.3.s0.none,a,rt60_distance,rt0.8_d0.3,rt0.8_d0.3_far_single_none_ser0,0,none,ok,,,far_single,none,,0.0,0.8,0.8134138777505,0.8250043091516395,0.3,0.16068533153143733,0.12854826522514987,,,,13729.739051797525,6.0,-2.263837558086301e-05,689,0.4600000000000001,True,,,,,,,,,,,,,,,,,,,,,260,61,1.707,c945803
a.rt60_distance.rt0.8_d0.3.s0.nlms_f64,a,rt60_distance,rt0.8_d0.3,rt0.8_d0.3_far_single_none_ser0,0,nlms_f64,ok,,,far_single,none,,0.0,0.8,0.8134138777505,0.8250043091516395,0.3,0.16068533153143733,0.12854826522514987,200.0,0.5,,13729.739051797525,6.0,16.90403238405665,689,0.0,True,,,,,0.19102566457430653,,,,,,,,,,,,,,,,260,61,1.069,c945803
a.rt60_distance.rt0.8_d0.3.s0.speex,a,rt60_distance,rt0.8_d0.3,rt0.8_d0.3_far_single_none_ser0,0,speex,ok,,,far_single,none,,0.0,0.8,0.8134138777505,0.8250043091516395,0.3,0.16068533153143733,0.12854826522514987,200.0,,160,13729.739051797525,6.0,18.112829879517147,689,5.5,True,,,,,,,,,,,,,,,,,,,,,260,61,0.143,c945803
a.rt60_distance.rt0.8_d0.3.s0.nlms_q15,a,rt60_distance,rt0.8_d0.3,rt0.8_d0.3_far_single_none_ser0,0,nlms_q15,ok,,,far_single,none,,0.0,0.8,0.8134138777505,0.8250043091516395,0.3,0.16068533153143733,0.12854826522514987,200.0,0.5,,13729.739051797525,6.0,12.239126789023237,689,0.0,True,,,,,-2.135349709833278,16384,1074,15,20783,0.21975,432480556,44465,0,0,19870,24595,32091,0.000125,-2.7893738746643066,-3.6224172115325928,260,61,11.263,c945803
a.rt60_distance.rt0.8_d0.3.s1.none,a,rt60_distance,rt0.8_d0.3,rt0.8_d0.3_far_single_none_ser0,1,none,ok,,,far_single,none,,0.0,0.8,0.8134138777505,0.8250043091516395,0.3,0.16068533153143733,0.12854826522514987,,,,10127.066248483035,6.0,-2.4849477725475015e-06,722,0.0,True,,,,,,,,,,,,,,,,,,,,,7729,1221,0.333,c945803
a.rt60_distance.rt0.8_d0.3.s1.nlms_f64,a,rt60_distance,rt0.8_d0.3,rt0.8_d0.3_far_single_none_ser0,1,nlms_f64,ok,,,far_single,none,,0.0,0.8,0.8134138777505,0.8250043091516395,0.3,0.16068533153143733,0.12854826522514987,200.0,0.5,,10127.066248483035,6.0,12.051884103986321,722,0.0,True,,,,,-7.472345823411125,,,,,,,,,,,,,,,,7729,1221,1.07,c945803
a.rt60_distance.rt0.8_d0.3.s1.speex,a,rt60_distance,rt0.8_d0.3,rt0.8_d0.3_far_single_none_ser0,1,speex,ok,,,far_single,none,,0.0,0.8,0.8134138777505,0.8250043091516395,0.3,0.16068533153143733,0.12854826522514987,200.0,,160,10127.066248483035,6.0,19.273776098602976,722,8.5,True,,,,,,,,,,,,,,,,,,,,,7729,1221,0.385,c945803
a.rt60_distance.rt0.8_d0.3.s1.nlms_q15,a,rt60_distance,rt0.8_d0.3,rt0.8_d0.3_far_single_none_ser0,1,nlms_q15,ok,,,far_single,none,,0.0,0.8,0.8134138777505,0.8250043091516395,0.3,0.16068533153143733,0.12854826522514987,200.0,0.5,,10127.066248483035,6.0,14.490996147927028,722,0.38000000000000006,True,,,,,-1.7862577686069236,16384,1074,15,14677,0.33725,466284913,42013,0,0,19430,22583,24658,0.001875,-1.90248441696167,-1.9732611179351807,7729,1221,10.745,c945803
a.rt60_distance.rt0.8_d0.3.s2.none,a,rt60_distance,rt0.8_d0.3,rt0.8_d0.3_far_single_none_ser0,2,none,ok,,,far_single,none,,0.0,0.8,0.8134138777505,0.8250043091516395,0.3,0.16068533153143733,0.12854826522514987,,,,14977.347109475082,6.0,-5.3117621451117305e-05,704,0.0,True,,,,,,,,,,,,,,,,,,,,,8224,908,0.331,c945803
a.rt60_distance.rt0.8_d0.3.s2.nlms_f64,a,rt60_distance,rt0.8_d0.3,rt0.8_d0.3_far_single_none_ser0,2,nlms_f64,ok,,,far_single,none,,0.0,0.8,0.8134138777505,0.8250043091516395,0.3,0.16068533153143733,0.12854826522514987,200.0,0.5,,14977.347109475082,6.0,24.715955508127855,704,1.26,True,,,,,-16.68444107617819,,,,,,,,,,,,,,,,8224,908,1.093,c945803
a.rt60_distance.rt0.8_d0.3.s2.speex,a,rt60_distance,rt0.8_d0.3,rt0.8_d0.3_far_single_none_ser0,2,speex,ok,,,far_single,none,,0.0,0.8,0.8134138777505,0.8250043091516395,0.3,0.16068533153143733,0.12854826522514987,200.0,,160,14977.347109475082,6.0,17.92160855444999,704,5.0600000000000005,True,,,,,,,,,,,,,,,,,,,,,8224,908,0.142,c945803
a.rt60_distance.rt0.8_d0.3.s2.nlms_q15,a,rt60_distance,rt0.8_d0.3,rt0.8_d0.3_far_single_none_ser0,2,nlms_q15,ok,,,far_single,none,,0.0,0.8,0.8134138777505,0.8250043091516395,0.3,0.16068533153143733,0.12854826522514987,200.0,0.5,,14977.347109475082,6.0,18.133744870620305,704,0.0,True,,,,,-2.187567758537371,16384,1074,15,28382,0.555,459740227,32991,0,0,6850,26141,27885,0.0020625,-2.7508490085601807,-2.9076781272888184,8224,908,10.434,c945803
a.rt60_distance.rt0.8_d1.s0.none,a,rt60_distance,rt0.8_d1,rt0.8_d1_far_single_none_ser0,0,none,ok,,,far_single,none,,0.0,0.8,0.810784639069326,0.8250043091516395,1.0,0.16068533153143733,0.12854826522514987,,,,27260.496721249376,6.0,-1.1747494510635892e-05,657,0.9199999999999999,True,,,,,,,,,,,,,,,,,,,,,260,61,1.722,c945803
a.rt60_distance.rt0.8_d1.s0.nlms_f64,a,rt60_distance,rt0.8_d1,rt0.8_d1_far_single_none_ser0,0,nlms_f64,ok,,,far_single,none,,0.0,0.8,0.810784639069326,0.8250043091516395,1.0,0.16068533153143733,0.12854826522514987,200.0,0.5,,27260.496721249376,6.0,14.328559250997731,657,0.0,True,,,,,2.6512963541520578,,,,,,,,,,,,,,,,260,61,1.061,c945803
a.rt60_distance.rt0.8_d1.s0.speex,a,rt60_distance,rt0.8_d1,rt0.8_d1_far_single_none_ser0,0,speex,ok,,,far_single,none,,0.0,0.8,0.810784639069326,0.8250043091516395,1.0,0.16068533153143733,0.12854826522514987,200.0,,160,27260.496721249376,6.0,15.60944720363327,657,4.96,True,,,,,,,,,,,,,,,,,,,,,260,61,0.145,c945803
a.rt60_distance.rt0.8_d1.s0.nlms_q15,a,rt60_distance,rt0.8_d1,rt0.8_d1_far_single_none_ser0,0,nlms_q15,ok,,,far_single,none,,0.0,0.8,0.810784639069326,0.8250043091516395,1.0,0.16068533153143733,0.12854826522514987,200.0,0.5,,27260.496721249376,6.0,15.026677767475302,657,0.0,True,,,,,-9.272129560900947,16384,1074,15,32142,0.2153125,518059561,16397,0,0,16397,0,0,6.25e-05,-1.8132256269454956,-14.14067554473877,260,61,10.75,c945803
a.rt60_distance.rt0.8_d1.s1.none,a,rt60_distance,rt0.8_d1,rt0.8_d1_far_single_none_ser0,1,none,ok,,,far_single,none,,0.0,0.8,0.810784639069326,0.8250043091516395,1.0,0.16068533153143733,0.12854826522514987,,,,24870.985588006064,6.0,1.0552092716029312e-05,718,0.8199999999999998,True,,,,,,,,,,,,,,,,,,,,,7729,1221,0.328,c945803
a.rt60_distance.rt0.8_d1.s1.nlms_f64,a,rt60_distance,rt0.8_d1,rt0.8_d1_far_single_none_ser0,1,nlms_f64,ok,,,far_single,none,,0.0,0.8,0.810784639069326,0.8250043091516395,1.0,0.16068533153143733,0.12854826522514987,200.0,0.5,,24870.985588006064,6.0,9.187284113643017,718,0.0,True,,,,,-4.1567843041501025,,,,,,,,,,,,,,,,7729,1221,1.077,c945803
a.rt60_distance.rt0.8_d1.s1.speex,a,rt60_distance,rt0.8_d1,rt0.8_d1_far_single_none_ser0,1,speex,ok,,,far_single,none,,0.0,0.8,0.810784639069326,0.8250043091516395,1.0,0.16068533153143733,0.12854826522514987,200.0,,160,24870.985588006064,6.0,16.578813408045196,718,5.78,True,,,,,,,,,,,,,,,,,,,,,7729,1221,0.146,c945803
a.rt60_distance.rt0.8_d1.s1.nlms_q15,a,rt60_distance,rt0.8_d1,rt0.8_d1_far_single_none_ser0,1,nlms_q15,ok,,,far_single,none,,0.0,0.8,0.810784639069326,0.8250043091516395,1.0,0.16068533153143733,0.12854826522514987,200.0,0.5,,24870.985588006064,6.0,12.086397229967154,718,0.09999999999999998,True,,,,,-8.725745047955888,16384,1074,15,18895,0.3155,518772382,11079,0,0,11079,0,0,0.0016875,-6.428167343139648,-5.949125289916992,7729,1221,10.671,c945803
a.rt60_distance.rt0.8_d1.s2.none,a,rt60_distance,rt0.8_d1,rt0.8_d1_far_single_none_ser0,2,none,ok,,,far_single,none,,0.0,0.8,0.810784639069326,0.8250043091516395,1.0,0.16068533153143733,0.12854826522514987,,,,29449.598419842474,6.0,1.2255122002698359e-06,654,1.32,True,,,,,,,,,,,,,,,,,,,,,8224,908,0.342,c945803
a.rt60_distance.rt0.8_d1.s2.nlms_f64,a,rt60_distance,rt0.8_d1,rt0.8_d1_far_single_none_ser0,2,nlms_f64,ok,,,far_single,none,,0.0,0.8,0.810784639069326,0.8250043091516395,1.0,0.16068533153143733,0.12854826522514987,200.0,0.5,,29449.598419842474,6.0,20.524329302689285,654,0.0,True,,,,,-14.749153253197536,,,,,,,,,,,,,,,,8224,908,1.245,c945803
a.rt60_distance.rt0.8_d1.s2.speex,a,rt60_distance,rt0.8_d1,rt0.8_d1_far_single_none_ser0,2,speex,ok,,,far_single,none,,0.0,0.8,0.810784639069326,0.8250043091516395,1.0,0.16068533153143733,0.12854826522514987,200.0,,160,29449.598419842474,6.0,16.447364579219276,654,4.12,True,,,,,,,,,,,,,,,,,,,,,8224,908,0.177,c945803
a.rt60_distance.rt0.8_d1.s2.nlms_q15,a,rt60_distance,rt0.8_d1,rt0.8_d1_far_single_none_ser0,2,nlms_q15,ok,,,far_single,none,,0.0,0.8,0.810784639069326,0.8250043091516395,1.0,0.16068533153143733,0.12854826522514987,200.0,0.5,,29449.598419842474,6.0,19.074174781845507,654,0.0,True,,,,,-13.915943587650242,16384,1074,15,45291,0.548375,568797212,1209,0,0,1209,0,0,0.001625,-19.136444091796875,-19.349750518798828,8224,908,11.163,c945803
a.rt60_distance.rt0.8_d2.5.s0.none,a,rt60_distance,rt0.8_d2.5,rt0.8_d2.5_far_single_none_ser0,0,none,ok,,,far_single,none,,0.0,0.8,0.8438385604326228,0.8250043091516395,2.5,0.16068533153143733,0.12854826522514987,,,,27778.96073470507,6.0,-1.8297492887200138e-05,672,0.0,True,,,,,,,,,,,,,,,,,,,,,260,61,1.858,c945803
a.rt60_distance.rt0.8_d2.5.s0.nlms_f64,a,rt60_distance,rt0.8_d2.5,rt0.8_d2.5_far_single_none_ser0,0,nlms_f64,ok,,,far_single,none,,0.0,0.8,0.8438385604326228,0.8250043091516395,2.5,0.16068533153143733,0.12854826522514987,200.0,0.5,,27778.96073470507,6.0,12.040448474221975,672,0.0,True,,,,,8.058806110075858,,,,,,,,,,,,,,,,260,61,1.148,c945803
a.rt60_distance.rt0.8_d2.5.s0.speex,a,rt60_distance,rt0.8_d2.5,rt0.8_d2.5_far_single_none_ser0,0,speex,ok,,,far_single,none,,0.0,0.8,0.8438385604326228,0.8250043091516395,2.5,0.16068533153143733,0.12854826522514987,200.0,,160,27778.96073470507,6.0,13.556178898616881,672,4.8999999999999995,True,,,,,,,,,,,,,,,,,,,,,260,61,0.244,c945803
a.rt60_distance.rt0.8_d2.5.s0.nlms_q15,a,rt60_distance,rt0.8_d2.5,rt0.8_d2.5_far_single_none_ser0,0,nlms_q15,ok,,,far_single,none,,0.0,0.8,0.8438385604326228,0.8250043091516395,2.5,0.16068533153143733,0.12854826522514987,200.0,0.5,,27778.96073470507,6.0,14.033950408769456,672,0.0,True,,,,,-7.569547189686444,16384,1074,15,29452,0.2161875,509192072,16858,0,0,16858,0,0,0.000125,-0.659801721572876,-11.74379825592041,260,61,10.692,c945803
a.rt60_distance.rt0.8_d2.5.s1.none,a,rt60_distance,rt0.8_d2.5,rt0.8_d2.5_far_single_none_ser0,1,none,ok,,,far_single,none,,0.0,0.8,0.8438385604326228,0.8250043091516395,2.5,0.16068533153143733,0.12854826522514987,,,,24954.148441059133,6.0,7.74398139642604e-06,718,0.019999999999999962,True,,,,,,,,,,,,,,,,,,,,,7729,1221,0.327,c945803
a.rt60_distance.rt0.8_d2.5.s1.nlms_f64,a,rt60_distance,rt0.8_d2.5,rt0.8_d2.5_far_single_none_ser0,1,nlms_f64,ok,,,far_single,none,,0.0,0.8,0.8438385604326228,0.8250043091516395,2.5,0.16068533153143733,0.12854826522514987,200.0,0.5,,24954.148441059133,6.0,7.197625004389129,718,0.0,True,,,,,-0.2621028801241434,,,,,,,,,,,,,,,,7729,1221,1.079,c945803
a.rt60_distance.rt0.8_d2.5.s1.speex,a,rt60_distance,rt0.8_d2.5,rt0.8_d2.5_far_single_none_ser0,1,speex,ok,,,far_single,none,,0.0,0.8,0.8438385604326228,0.8250043091516395,2.5,0.16068533153143733,0.12854826522514987,200.0,,160,24954.148441059133,6.0,15.325994851453693,718,5.22,True,,,,,,,,,,,,,,,,,,,,,7729,1221,0.142,c945803
a.rt60_distance.rt0.8_d2.5.s1.nlms_q15,a,rt60_distance,rt0.8_d2.5,rt0.8_d2.5_far_single_none_ser0,1,nlms_q15,ok,,,far_single,none,,0.0,0.8,0.8438385604326228,0.8250043091516395,2.5,0.16068533153143733,0.12854826522514987,200.0,0.5,,24954.148441059133,6.0,11.003999112456928,718,0.27999999999999997,True,,,,,-7.1690082181188375,16384,1074,15,16575,0.309,504356216,10980,0,0,10980,0,0,0.00175,-4.1621880531311035,-3.865455150604248,7729,1221,10.691,c945803
a.rt60_distance.rt0.8_d2.5.s2.none,a,rt60_distance,rt0.8_d2.5,rt0.8_d2.5_far_single_none_ser0,2,none,ok,,,far_single,none,,0.0,0.8,0.8438385604326228,0.8250043091516395,2.5,0.16068533153143733,0.12854826522514987,,,,22281.3332734459,6.0,7.517590911954197e-06,704,0.6399999999999999,True,,,,,,,,,,,,,,,,,,,,,8224,908,0.32,c945803
a.rt60_distance.rt0.8_d2.5.s2.nlms_f64,a,rt60_distance,rt0.8_d2.5,rt0.8_d2.5_far_single_none_ser0,2,nlms_f64,ok,,,far_single,none,,0.0,0.8,0.8438385604326228,0.8250043091516395,2.5,0.16068533153143733,0.12854826522514987,200.0,0.5,,22281.3332734459,6.0,20.36442134577493,704,0.41999999999999993,True,,,,,-12.683702949513258,,,,,,,,,,,,,,,,8224,908,1.066,c945803
a.rt60_distance.rt0.8_d2.5.s2.speex,a,rt60_distance,rt0.8_d2.5,rt0.8_d2.5_far_single_none_ser0,2,speex,ok,,,far_single,none,,0.0,0.8,0.8438385604326228,0.8250043091516395,2.5,0.16068533153143733,0.12854826522514987,200.0,,160,22281.3332734459,6.0,14.829113223324208,704,4.1000000000000005,True,,,,,,,,,,,,,,,,,,,,,8224,908,0.146,c945803
a.rt60_distance.rt0.8_d2.5.s2.nlms_q15,a,rt60_distance,rt0.8_d2.5,rt0.8_d2.5_far_single_none_ser0,2,nlms_q15,ok,,,far_single,none,,0.0,0.8,0.8438385604326228,0.8250043091516395,2.5,0.16068533153143733,0.12854826522514987,200.0,0.5,,22281.3332734459,6.0,18.5499207793006,704,0.3999999999999999,True,,,,,-12.40086234890213,16384,1074,15,39507,0.549,551535540,1687,0,0,1687,0,0,0.00225,-17.794626235961914,-18.353729248046875,8224,908,11.91,c945803
b.talk.far_single.s0.none,b,talk,far_single,rt0.4_d1_far_single_none_ser0,0,none,ok,,,far_single,none,,0.0,0.4,0.4012963668293653,0.4092831603055453,1.0,0.2892335967565872,0.25709653045029973,,,,31891.71620678807,6.0,-3.2185746066892608e-06,638,0.0,True,,,,,,,,,,,,,,,,,,,,,260,61,0.357,c945803
b.talk.far_single.s0.nlms_f64,b,talk,far_single,rt0.4_d1_far_single_none_ser0,0,nlms_f64,ok,,,far_single,none,,0.0,0.4,0.4012963668293653,0.4092831603055453,1.0,0.2892335967565872,0.25709653045029973,200.0,0.5,,31891.71620678807,6.0,24.803757915399846,638,2.46,True,,,,,-14.387625411598897,,,,,,,,,,,,,,,,260,61,3.532,c945803
b.talk.far_single.s0.speex,b,talk,far_single,rt0.4_d1_far_single_none_ser0,0,speex,ok,,,far_single,none,,0.0,0.4,0.4012963668293653,0.4092831603055453,1.0,0.2892335967565872,0.25709653045029973,200.0,,160,31891.71620678807,6.0,23.932681633895875,638,5.62,True,,,,,,,,,,,,,,,,,,,,,260,61,0.158,c945803
b.talk.far_single.s0.nlms_q15,b,talk,far_single,rt0.4_d1_far_single_none_ser0,0,nlms_q15,ok,,,far_single,none,,0.0,0.4,0.4012963668293653,0.4092831603055453,1.0,0.2892335967565872,0.25709653045029973,200.0,0.5,,31891.71620678807,6.0,20.094300101348082,638,0.3400000000000001,True,,,,,-11.477513235540409,16384,1074,15,68724,0.215125,615458026,3161,0,0,3161,0,0,6.25e-05,-16.162080764770508,-19.65204429626465,260,61,14.691,c945803
b.talk.far_single.s1.none,b,talk,far_single,rt0.4_d1_far_single_none_ser0,1,none,ok,,,far_single,none,,0.0,0.4,0.4012963668293653,0.4092831603055453,1.0,0.2892335967565872,0.25709653045029973,,,,28866.693499851983,6.0,-9.688488311833146e-07,694,0.0,True,,,,,,,,,,,,,,,,,,,,,7729,1221,0.397,c945803
b.talk.far_single.s1.nlms_f64,b,talk,far_single,rt0.4_d1_far_single_none_ser0,1,nlms_f64,ok,,,far_single,none,,0.0,0.4,0.4012963668293653,0.4092831603055453,1.0,0.2892335967565872,0.25709653045029973,200.0,0.5,,28866.693499851983,6.0,23.81285786301352,694,2.32,True,,,,,-18.340293704544173,,,,,,,,,,,,,,,,7729,1221,2.989,c945803
b.talk.far_single.s1.speex,b,talk,far_single,rt0.4_d1_far_single_none_ser0,1,speex,ok,,,far_single,none,,0.0,0.4,0.4012963668293653,0.4092831603055453,1.0,0.2892335967565872,0.25709653045029973,200.0,,160,28866.693499851983,6.0,29.510461677915586,694,7.8,True,,,,,,,,,,,,,,,,,,,,,7729,1221,0.181,c945803
b.talk.far_single.s1.nlms_q15,b,talk,far_single,rt0.4_d1_far_single_none_ser0,1,nlms_q15,ok,,,far_single,none,,0.0,0.4,0.4012963668293653,0.4092831603055453,1.0,0.2892335967565872,0.25709653045029973,200.0,0.5,,28866.693499851983,6.0,15.846577901549258,694,0.37999999999999995,True,,,,,-13.822099910757771,16384,1074,15,43896,0.3071875,649018442,1656,0,0,1656,0,0,0.001625,-18.498844146728516,-17.44708824157715,7729,1221,16.762,c945803
b.talk.far_single.s2.none,b,talk,far_single,rt0.4_d1_far_single_none_ser0,2,none,ok,,,far_single,none,,0.0,0.4,0.4012963668293653,0.4092831603055453,1.0,0.2892335967565872,0.25709653045029973,,,,40752.38218907314,6.0,-1.8185105011157572e-05,643,0.38,True,,,,,,,,,,,,,,,,,,,,,8224,908,0.445,c945803
b.talk.far_single.s2.nlms_f64,b,talk,far_single,rt0.4_d1_far_single_none_ser0,2,nlms_f64,ok,,,far_single,none,,0.0,0.4,0.4012963668293653,0.4092831603055453,1.0,0.2892335967565872,0.25709653045029973,200.0,0.5,,40752.38218907314,6.0,30.779601765908037,643,1.26,True,,,,,-18.52142570227443,,,,,,,,,,,,,,,,8224,908,3.342,c945803
b.talk.far_single.s2.speex,b,talk,far_single,rt0.4_d1_far_single_none_ser0,2,speex,ok,,,far_single,none,,0.0,0.4,0.4012963668293653,0.4092831603055453,1.0,0.2892335967565872,0.25709653045029973,200.0,,160,40752.38218907314,6.0,27.02390000833762,643,5.140000000000001,True,,,,,,,,,,,,,,,,,,,,,8224,908,0.162,c945803
b.talk.far_single.s2.nlms_q15,b,talk,far_single,rt0.4_d1_far_single_none_ser0,2,nlms_q15,ok,,,far_single,none,,0.0,0.4,0.4012963668293653,0.4092831603055453,1.0,0.2892335967565872,0.25709653045029973,200.0,0.5,,40752.38218907314,6.0,23.562637418621758,643,4.22,True,,,,,-14.376272081249105,16384,1074,15,105145,0.54775,678239011,725,0,0,725,0,0,0.001375,-19.227798461914062,-19.353471755981445,8224,908,15.371,c945803
b.talk.double.s0.none,b,talk,double,rt0.4_d1_double_none_ser0,0,none,ok,,,double,none,,0.0,0.4,0.4012963668293653,0.4092831603055453,1.0,0.2892335967565872,0.25709653045029973,,,,25093.42754246801,6.0,-1.450661607809523e-05,328,0.6000000000000001,True,0.7136642686098632,0.7029313261692469,1.1840558052062988,9.925239352859565,,,,,,,,,,,,,,,,,260,61,0.799,c945803
b.talk.double.s0.nlms_f64,b,talk,double,rt0.4_d1_double_none_ser0,0,nlms_f64,diverged,,6.7126875,double,none,,0.0,0.4,0.4012963668293653,0.4092831603055453,1.0,0.2892335967565872,0.25709653045029973,200.0,0.5,,25093.42754246801,6.0,-28.97761175008811,328,0.0,True,-27.94885275693854,0.27568685029603857,1.0918164253234863,29.835212145904652,29.658887660902945,,,,,,,,,,,,,,,,260,61,1.546,c945803
b.talk.double.s0.speex,b,talk,double,rt0.4_d1_double_none_ser0,0,speex,ok,,,double,none,,0.0,0.4,0.4012963668293653,0.4092831603055453,1.0,0.2892335967565872,0.25709653045029973,200.0,,160,25093.42754246801,6.0,21.0878289884332,328,11.719999999999999,True,3.0379110937935354,0.9520206480262511,2.6009228229522705,5.675275690087937,,,,,,,,,,,,,,,,,260,61,0.274,c945803
b.talk.double.s0.nlms_q15,b,talk,double,rt0.4_d1_double_none_ser0,0,nlms_q15,ok,,,double,none,,0.0,0.4,0.4012963668293653,0.4092831603055453,1.0,0.2892335967565872,0.25709653045029973,200.0,0.5,,25093.42754246801,6.0,8.640512275911535,328,0.0,True,-3.1299142643603868,0.6588601166325125,1.218630075454712,10.06808953896308,-7.2582960553913285,16384,1074,15,19716,0.215125,409111200,16858,0,0,16858,0,0,0.000125,-0.02564171515405178,-0.01840512454509735,260,61,13.767,c945803
b.talk.double.s1.none,b,talk,double,rt0.4_d1_double_none_ser0,1,none,ok,,,double,none,,0.0,0.4,0.4012963668293653,0.4092831603055453,1.0,0.2892335967565872,0.25709653045029973,,,,27995.27026734953,6.0,-2.5341747050107715e-05,404,0.42,True,1.3770583297679833,0.627762085333059,1.1131973266601562,8.478682821971987,,,,,,,,,,,,,,,,,7729,1221,0.595,c945803
b.talk.double.s1.nlms_f64,b,talk,double,rt0.4_d1_double_none_ser0,1,nlms_f64,diverged,,7.0541875,double,none,,0.0,0.4,0.4012963668293653,0.4092831603055453,1.0,0.2892335967565872,0.25709653045029973,200.0,0.5,,27995.27026734953,6.0,-11.650322520661796,404,0.0,True,-17.654288888485915,0.3216893705728903,1.0511937141418457,18.886701635436594,23.071566961738142,,,,,,,,,,,,,,,,7729,1221,1.367,c945803
b.talk.double.s1.speex,b,talk,double,rt0.4_d1_double_none_ser0,1,speex,ok,,,double,none,,0.0,0.4,0.4012963668293653,0.4092831603055453,1.0,0.2892335967565872,0.25709653045029973,200.0,,160,27995.27026734953,6.0,27.17076208525637,404,11.219999999999999,True,9.339952304446246,0.8933237112458897,2.8977267742156982,3.802975531414857,,,,,,,,,,,,,,,,,7729,1221,0.278,c945803
b.talk.double.s1.nlms_q15,b,talk,double,rt0.4_d1_double_none_ser0,1,nlms_q15,ok,,,double,none,,0.0,0.4,0.4012963668293653,0.4092831603055453,1.0,0.2892335967565872,0.25709653045029973,200.0,0.5,,27995.27026734953,6.0,8.971428748844321,404,0.0,True,-2.1325627126383817,0.6010895860781282,1.1227164268493652,8.92366170878152,-0.019744867899146576,16384,1074,15,20762,0.3031875,465350004,11291,0,0,11291,0,0,0.0016875,-0.10394657403230667,-0.10241512954235077,7729,1221,11.8,c945803
b.talk.double.s2.none,b,talk,double,rt0.4_d1_double_none_ser0,2,none,ok,,,double,none,,0.0,0.4,0.4012963668293653,0.4092831603055453,1.0,0.2892335967565872,0.25709653045029973,,,,27866.11327470516,6.0,-1.0273688009710614e-05,406,0.0,True,-4.872039162050259,0.7194112613507015,1.2738810777664185,13.163738283365495,,,,,,,,,,,,,,,,,8224,908,0.58,c945803
b.talk.double.s2.nlms_f64,b,talk,double,rt0.4_d1_double_none_ser0,2,nlms_f64,ok,,,double,none,,0.0,0.4,0.4012963668293653,0.4092831603055453,1.0,0.2892335967565872,0.25709653045029973,200.0,0.5,,27866.11327470516,6.0,4.441033346598807,406,0.0,True,-13.057643937336918,0.5525064659873413,1.0798487663269043,16.78171355177338,5.293151967951678,,,,,,,,,,,,,,,,8224,908,1.297,c945803
b.talk.double.s2.speex,b,talk,double,rt0.4_d1_double_none_ser0,2,speex,ok,,,double,none,,0.0,0.4,0.4012963668293653,0.4092831603055453,1.0,0.2892335967565872,0.25709653045029973,200.0,,160,27866.11327470516,6.0,25.03010564847118,406,12.62,True,4.2829308246551685,0.9828843552078498,2.7742607593536377,5.917575726354696,,,,,,,,,,,,,,,,,8224,908,0.256,c945803
b.talk.double.s2.nlms_q15,b,talk,double,rt0.4_d1_double_none_ser0,2,nlms_q15,ok,,,double,none,,0.0,0.4,0.4012963668293653,0.4092831603055453,1.0,0.2892335967565872,0.25709653045029973,200.0,0.5,,27866.11327470516,6.0,14.918703226809123,406,0.0,True,-6.817246753479247,0.7125220147615046,1.0915988683700562,12.887165058354563,-4.5263860869841155,16384,1074,15,33975,0.548375,444561575,9167,0,0,9167,0,0,0.0019375,-1.7203538417816162,-1.3388055562973022,8224,908,11.932,c945803
b.talk.near_single.s0.none,b,talk,near_single,rt0.4_d1_near_single_none_ser0,0,none,ok,,,near_single,none,,0.0,0.4,0.4012963668293653,0.4092831603055453,1.0,0.2892335967565872,0.25709653045029973,,,,21403.49109965902,6.0,nan,0,,False,69.24703628877815,0.9999999217647668,4.643647193908691,0.09805022133140719,,,,,,,,,,,,,,,,,260,61,0.548,c945803
b.talk.near_single.s0.nlms_f64,b,talk,near_single,rt0.4_d1_near_single_none_ser0,0,nlms_f64,ok,,,near_single,none,,0.0,0.4,0.4012963668293653,0.4092831603055453,1.0,0.2892335967565872,0.25709653045029973,200.0,0.5,,21403.49109965902,6.0,nan,0,,False,inf,0.9999999999999999,4.643888473510742,0.0,0.0,,,,,,,,,,,,,,,,260,61,1.458,c945803
b.talk.near_single.s0.speex,b,talk,near_single,rt0.4_d1_near_single_none_ser0,0,speex,ok,,,near_single,none,,0.0,0.4,0.4012963668293653,0.4092831603055453,1.0,0.2892335967565872,0.25709653045029973,200.0,,160,21403.49109965902,6.0,nan,0,,False,7.077639771160698,0.9991356605031911,4.525850296020508,3.0923206561387473,,,,,,,,,,,,,,,,,260,61,0.377,c945803
b.talk.near_single.s0.nlms_q15,b,talk,near_single,rt0.4_d1_near_single_none_ser0,0,nlms_q15,ok,,,near_single,none,,0.0,0.4,0.4012963668293653,0.4092831603055453,1.0,0.2892335967565872,0.25709653045029973,200.0,0.5,,21403.49109965902,6.0,nan,0,,False,69.24703628877815,0.9999999217647668,4.643647193908691,0.09805022133140719,0.0,16384,1074,15,0,,0,0,0,0,0,0,0,,,,260,61,2.716,c945803
b.talk.near_single.s1.none,b,talk,near_single,rt0.4_d1_near_single_none_ser0,1,none,ok,,,near_single,none,,0.0,0.4,0.4012963668293653,0.4092831603055453,1.0,0.2892335967565872,0.25709653045029973,,,,19460.123788114466,6.0,nan,0,,False,68.532251634609,0.9999995343825656,4.643887996673584,0.04669215945147031,,,,,,,,,,,,,,,,,7729,1221,0.552,c945803
b.talk.near_single.s1.nlms_f64,b,talk,near_single,rt0.4_d1_near_single_none_ser0,1,nlms_f64,ok,,,near_single,none,,0.0,0.4,0.4012963668293653,0.4092831603055453,1.0,0.2892335967565872,0.25709653045029973,200.0,0.5,,19460.123788114466,6.0,nan,0,,False,inf,0.9999999999999998,4.643888473510742,0.0,0.0,,,,,,,,,,,,,,,,7729,1221,1.315,c945803
b.talk.near_single.s1.speex,b,talk,near_single,rt0.4_d1_near_single_none_ser0,1,speex,ok,,,near_single,none,,0.0,0.4,0.4012963668293653,0.4092831603055453,1.0,0.2892335967565872,0.25709653045029973,200.0,,160,19460.123788114466,6.0,nan,0,,False,10.393817597538012,0.9996783745787956,4.516590118408203,2.075963133334063,,,,,,,,,,,,,,,,,7729,1221,0.369,c945803
b.talk.near_single.s1.nlms_q15,b,talk,near_single,rt0.4_d1_near_single_none_ser0,1,nlms_q15,ok,,,near_single,none,,0.0,0.4,0.4012963668293653,0.4092831603055453,1.0,0.2892335967565872,0.25709653045029973,200.0,0.5,,19460.123788114466,6.0,nan,0,,False,68.532251634609,0.9999995343825656,4.643887996673584,0.04669215945147031,0.0,16384,1074,15,0,,0,0,0,0,0,0,0,,,,7729,1221,2.761,c945803
b.talk.near_single.s2.none,b,talk,near_single,rt0.4_d1_near_single_none_ser0,2,none,ok,,,near_single,none,,0.0,0.4,0.4012963668293653,0.4092831603055453,1.0,0.2892335967565872,0.25709653045029973,,,,21715.5898670596,6.0,nan,0,,False,66.47475636137871,0.999999528071153,4.6437482833862305,0.15052649735111936,,,,,,,,,,,,,,,,,8224,908,0.545,c945803
b.talk.near_single.s2.nlms_f64,b,talk,near_single,rt0.4_d1_near_single_none_ser0,2,nlms_f64,ok,,,near_single,none,,0.0,0.4,0.4012963668293653,0.4092831603055453,1.0,0.2892335967565872,0.25709653045029973,200.0,0.5,,21715.5898670596,6.0,nan,0,,False,inf,0.9999999999999998,4.643888473510742,0.0,0.0,,,,,,,,,,,,,,,,8224,908,1.377,c945803
b.talk.near_single.s2.speex,b,talk,near_single,rt0.4_d1_near_single_none_ser0,2,speex,ok,,,near_single,none,,0.0,0.4,0.4012963668293653,0.4092831603055453,1.0,0.2892335967565872,0.25709653045029973,200.0,,160,21715.5898670596,6.0,nan,0,,False,8.6898913126045,0.9995707491149174,4.591557025909424,2.7836192518306393,,,,,,,,,,,,,,,,,8224,908,0.375,c945803
b.talk.near_single.s2.nlms_q15,b,talk,near_single,rt0.4_d1_near_single_none_ser0,2,nlms_q15,ok,,,near_single,none,,0.0,0.4,0.4012963668293653,0.4092831603055453,1.0,0.2892335967565872,0.25709653045029973,200.0,0.5,,21715.5898670596,6.0,nan,0,,False,66.47475636137871,0.999999528071153,4.6437482833862305,0.15052649735111936,0.0,16384,1074,15,0,,0,0,0,0,0,0,0,,,,8224,908,2.855,c945803
b.noise.no_noise.s0.none,b,noise,no_noise,rt0.4_d1_far_single_none_ser0,0,none,ok,,,far_single,none,,0.0,0.4,0.4012963668293653,0.4092831603055453,1.0,0.2892335967565872,0.25709653045029973,,,,31891.71620678807,6.0,-3.2185746066892608e-06,638,0.0,True,,,,,,,,,,,,,,,,,,,,,260,61,0.345,c945803
b.noise.no_noise.s0.nlms_f64,b,noise,no_noise,rt0.4_d1_far_single_none_ser0,0,nlms_f64,ok,,,far_single,none,,0.0,0.4,0.4012963668293653,0.4092831603055453,1.0,0.2892335967565872,0.25709653045029973,200.0,0.5,,31891.71620678807,6.0,24.803757915399846,638,2.46,True,,,,,-14.387625411598897,,,,,,,,,,,,,,,,260,61,2.942,c945803
b.noise.no_noise.s0.speex,b,noise,no_noise,rt0.4_d1_far_single_none_ser0,0,speex,ok,,,far_single,none,,0.0,0.4,0.4012963668293653,0.4092831603055453,1.0,0.2892335967565872,0.25709653045029973,200.0,,160,31891.71620678807,6.0,23.932681633895875,638,5.62,True,,,,,,,,,,,,,,,,,,,,,260,61,0.226,c945803
b.noise.no_noise.s0.nlms_q15,b,noise,no_noise,rt0.4_d1_far_single_none_ser0,0,nlms_q15,ok,,,far_single,none,,0.0,0.4,0.4012963668293653,0.4092831603055453,1.0,0.2892335967565872,0.25709653045029973,200.0,0.5,,31891.71620678807,6.0,20.094300101348082,638,0.3400000000000001,True,,,,,-11.477513235540409,16384,1074,15,68724,0.215125,615458026,3161,0,0,3161,0,0,6.25e-05,-16.162080764770508,-19.65204429626465,260,61,18.287,c945803
b.noise.no_noise.s1.none,b,noise,no_noise,rt0.4_d1_far_single_none_ser0,1,none,ok,,,far_single,none,,0.0,0.4,0.4012963668293653,0.4092831603055453,1.0,0.2892335967565872,0.25709653045029973,,,,28866.693499851983,6.0,-9.688488311833146e-07,694,0.0,True,,,,,,,,,,,,,,,,,,,,,7729,1221,0.382,c945803
b.noise.no_noise.s1.nlms_f64,b,noise,no_noise,rt0.4_d1_far_single_none_ser0,1,nlms_f64,ok,,,far_single,none,,0.0,0.4,0.4012963668293653,0.4092831603055453,1.0,0.2892335967565872,0.25709653045029973,200.0,0.5,,28866.693499851983,6.0,23.81285786301352,694,2.32,True,,,,,-18.340293704544173,,,,,,,,,,,,,,,,7729,1221,3.378,c945803
b.noise.no_noise.s1.speex,b,noise,no_noise,rt0.4_d1_far_single_none_ser0,1,speex,ok,,,far_single,none,,0.0,0.4,0.4012963668293653,0.4092831603055453,1.0,0.2892335967565872,0.25709653045029973,200.0,,160,28866.693499851983,6.0,29.510461677915586,694,7.8,True,,,,,,,,,,,,,,,,,,,,,7729,1221,0.227,c945803
b.noise.no_noise.s1.nlms_q15,b,noise,no_noise,rt0.4_d1_far_single_none_ser0,1,nlms_q15,ok,,,far_single,none,,0.0,0.4,0.4012963668293653,0.4092831603055453,1.0,0.2892335967565872,0.25709653045029973,200.0,0.5,,28866.693499851983,6.0,15.846577901549258,694,0.37999999999999995,True,,,,,-13.822099910757771,16384,1074,15,43896,0.3071875,649018442,1656,0,0,1656,0,0,0.001625,-18.498844146728516,-17.44708824157715,7729,1221,15.609,c945803
b.noise.no_noise.s2.none,b,noise,no_noise,rt0.4_d1_far_single_none_ser0,2,none,ok,,,far_single,none,,0.0,0.4,0.4012963668293653,0.4092831603055453,1.0,0.2892335967565872,0.25709653045029973,,,,40752.38218907314,6.0,-1.8185105011157572e-05,643,0.38,True,,,,,,,,,,,,,,,,,,,,,8224,908,0.375,c945803
b.noise.no_noise.s2.nlms_f64,b,noise,no_noise,rt0.4_d1_far_single_none_ser0,2,nlms_f64,ok,,,far_single,none,,0.0,0.4,0.4012963668293653,0.4092831603055453,1.0,0.2892335967565872,0.25709653045029973,200.0,0.5,,40752.38218907314,6.0,30.779601765908037,643,1.26,True,,,,,-18.52142570227443,,,,,,,,,,,,,,,,8224,908,3.011,c945803
b.noise.no_noise.s2.speex,b,noise,no_noise,rt0.4_d1_far_single_none_ser0,2,speex,ok,,,far_single,none,,0.0,0.4,0.4012963668293653,0.4092831603055453,1.0,0.2892335967565872,0.25709653045029973,200.0,,160,40752.38218907314,6.0,27.02390000833762,643,5.140000000000001,True,,,,,,,,,,,,,,,,,,,,,8224,908,0.16,c945803
b.noise.no_noise.s2.nlms_q15,b,noise,no_noise,rt0.4_d1_far_single_none_ser0,2,nlms_q15,ok,,,far_single,none,,0.0,0.4,0.4012963668293653,0.4092831603055453,1.0,0.2892335967565872,0.25709653045029973,200.0,0.5,,40752.38218907314,6.0,23.562637418621758,643,4.22,True,,,,,-14.376272081249105,16384,1074,15,105145,0.54775,678239011,725,0,0,725,0,0,0.001375,-19.227798461914062,-19.353471755981445,8224,908,15.419,c945803
b.noise.snr20.s0.none,b,noise,snr20,rt0.4_d1_far_single_speech_shaped_snr20_ser0,0,none,ok,,,far_single,speech_shaped,20.0,0.0,0.4,0.4012963668293653,0.4092831603055453,1.0,0.2892335967565872,0.25709653045029973,,,,31999.96439305841,6.0,7.915563755430154e-06,638,0.8200000000000001,True,,,,,,,,,,,,,,,,,,,,,260,61,0.607,c945803
b.noise.snr20.s0.nlms_f64,b,noise,snr20,rt0.4_d1_far_single_speech_shaped_snr20_ser0,0,nlms_f64,diverged,,6.917125,far_single,speech_shaped,20.0,0.0,0.4,0.4012963668293653,0.4092831603055453,1.0,0.2892335967565872,0.25709653045029973,200.0,0.5,,31999.96439305841,6.0,-16.038796671100698,638,0.0,True,,,,,27.638743563889076,,,,,,,,,,,,,,,,260,61,1.217,c945803
b.noise.snr20.s0.speex,b,noise,snr20,rt0.4_d1_far_single_speech_shaped_snr20_ser0,0,speex,ok,,,far_single,speech_shaped,20.0,0.0,0.4,0.4012963668293653,0.4092831603055453,1.0,0.2892335967565872,0.25709653045029973,200.0,,160,31999.96439305841,6.0,13.327495146571927,638,2.4,True,,,,,,,,,,,,,,,,,,,,,260,61,0.182,c945803
b.noise.snr20.s0.nlms_q15,b,noise,snr20,rt0.4_d1_far_single_speech_shaped_snr20_ser0,0,nlms_q15,ok,,,far_single,speech_shaped,20.0,0.0,0.4,0.4012963668293653,0.4092831603055453,1.0,0.2892335967565872,0.25709653045029973,200.0,0.5,,31999.96439305841,6.0,9.207298260189834,638,0.04000000000000001,True,,,,,0.20432212006275524,16384,1074,15,18999,0.2145,436729990,23104,0,0,23104,0,0,0.0,-0.05168306455016136,-0.05277988314628601,260,61,12.633,c945803
b.noise.snr20.s1.none,b,noise,snr20,rt0.4_d1_far_single_speech_shaped_snr20_ser0,1,none,ok,,,far_single,speech_shaped,20.0,0.0,0.4,0.4012963668293653,0.4092831603055453,1.0,0.2892335967565872,0.25709653045029973,,,,28895.447555963823,6.0,-3.03307199306683e-05,694,0.6799999999999999,True,,,,,,,,,,,,,,,,,,,,,7729,1221,0.521,c945803
b.noise.snr20.s1.nlms_f64,b,noise,snr20,rt0.4_d1_far_single_speech_shaped_snr20_ser0,1,nlms_f64,ok,,,far_single,speech_shaped,20.0,0.0,0.4,0.4012963668293653,0.4092831603055453,1.0,0.2892335967565872,0.25709653045029973,200.0,0.5,,28895.447555963823,6.0,-0.14718905271362495,694,4.260000000000001,True,,,,,3.670323138194024,,,,,,,,,,,,,,,,7729,1221,1.143,c945803
b.noise.snr20.s1.speex,b,noise,snr20,rt0.4_d1_far_single_speech_shaped_snr20_ser0,1,speex,ok,,,far_single,speech_shaped,20.0,0.0,0.4,0.4012963668293653,0.4092831603055453,1.0,0.2892335967565872,0.25709653045029973,200.0,,160,28895.447555963823,6.0,16.41643753798874,694,2.44,True,,,,,,,,,,,,,,,,,,,,,7729,1221,0.173,c945803
b.noise.snr20.s1.nlms_q15,b,noise,snr20,rt0.4_d1_far_single_speech_shaped_snr20_ser0,1,nlms_q15,ok,,,far_single,speech_shaped,20.0,0.0,0.4,0.4012963668293653,0.4092831603055453,1.0,0.2892335967565872,0.25709653045029973,200.0,0.5,,28895.447555963823,6.0,8.078502994023172,694,0.54,True,,,,,-6.507953615168814,16384,1074,15,15877,0.3049375,486475957,18474,0,0,18474,0,0,0.0,-2.244347333908081,-2.0530471801757812,7729,1221,12.712,c945803
b.noise.snr20.s2.none,b,noise,snr20,rt0.4_d1_far_single_speech_shaped_snr20_ser0,2,none,ok,,,far_single,speech_shaped,20.0,0.0,0.4,0.4012963668293653,0.4092831603055453,1.0,0.2892335967565872,0.25709653045029973,,,,41304.9759691855,6.0,-1.0082469336561747e-05,643,0.52,True,,,,,,,,,,,,,,,,,,,,,8224,908,0.553,c945803
b.noise.snr20.s2.nlms_f64,b,noise,snr20,rt0.4_d1_far_single_speech_shaped_snr20_ser0,2,nlms_f64,ok,,,far_single,speech_shaped,20.0,0.0,0.4,0.4012963668293653,0.4092831603055453,1.0,0.2892335967565872,0.25709653045029973,200.0,0.5,,41304.9759691855,6.0,10.701333211045064,643,10.84,True,,,,,-6.212674431181253,,,,,,,,,,,,,,,,8224,908,1.297,c945803
b.noise.snr20.s2.speex,b,noise,snr20,rt0.4_d1_far_single_speech_shaped_snr20_ser0,2,speex,ok,,,far_single,speech_shaped,20.0,0.0,0.4,0.4012963668293653,0.4092831603055453,1.0,0.2892335967565872,0.25709653045029973,200.0,,160,41304.9759691855,6.0,15.274850553574463,643,4.0600000000000005,True,,,,,,,,,,,,,,,,,,,,,8224,908,0.165,c945803
b.noise.snr20.s2.nlms_q15,b,noise,snr20,rt0.4_d1_far_single_speech_shaped_snr20_ser0,2,nlms_q15,ok,,,far_single,speech_shaped,20.0,0.0,0.4,0.4012963668293653,0.4092831603055453,1.0,0.2892335967565872,0.25709653045029973,200.0,0.5,,41304.9759691855,6.0,11.469259314097304,643,1.2,True,,,,,-8.716020510614298,16384,1074,15,24497,0.5504375,442306723,10842,0,0,10842,0,0,0.0,-9.729300498962402,-9.337596893310547,8224,908,11.641,c945803
b.noise.snr10.s0.none,b,noise,snr10,rt0.4_d1_far_single_speech_shaped_snr10_ser0,0,none,ok,,,far_single,speech_shaped,10.0,0.0,0.4,0.4012963668293653,0.4092831603055453,1.0,0.2892335967565872,0.25709653045029973,,,,30745.355556509767,6.0,-2.6524497271086483e-05,638,0.0,True,,,,,,,,,,,,,,,,,,,,,260,61,0.459,c945803
b.noise.snr10.s0.nlms_f64,b,noise,snr10,rt0.4_d1_far_single_speech_shaped_snr10_ser0,0,nlms_f64,diverged,,4.118125,far_single,speech_shaped,10.0,0.0,0.4,0.4012963668293653,0.4092831603055453,1.0,0.2892335967565872,0.25709653045029973,200.0,0.5,,30745.355556509767,6.0,-25.719775488849443,638,0.0,True,,,,,41.149967167069306,,,,,,,,,,,,,,,,260,61,1.219,c945803
b.noise.snr10.s0.speex,b,noise,snr10,rt0.4_d1_far_single_speech_shaped_snr10_ser0,0,speex,ok,,,far_single,speech_shaped,10.0,0.0,0.4,0.4012963668293653,0.4092831603055453,1.0,0.2892335967565872,0.25709653045029973,200.0,,160,30745.355556509767,6.0,5.8967640282602165,638,0.30000000000000004,True,,,,,,,,,,,,,,,,,,,,,260,61,0.152,c945803
b.noise.snr10.s0.nlms_q15,b,noise,snr10,rt0.4_d1_far_single_speech_shaped_snr10_ser0,0,nlms_q15,ok,,,far_single,speech_shaped,10.0,0.0,0.4,0.4012963668293653,0.4092831603055453,1.0,0.2892335967565872,0.25709653045029973,200.0,0.5,,30745.355556509767,6.0,4.971768049218904,638,0.07999999999999999,True,,,,,7.22488220377909,16384,1074,15,11202,0.225375,338659817,28939,0,0,28939,0,0,0.0,-0.021227281540632248,0.00503045879304409,260,61,11.572,c945803
b.noise.snr10.s1.none,b,noise,snr10,rt0.4_d1_far_single_speech_shaped_snr10_ser0,1,none,ok,,,far_single,speech_shaped,10.0,0.0,0.4,0.4012963668293653,0.4092831603055453,1.0,0.2892335967565872,0.25709653045029973,,,,27227.50990472259,6.0,1.0870286464309358e-05,694,0.0,True,,,,,,,,,,,,,,,,,,,,,7729,1221,0.436,c945803
b.noise.snr10.s1.nlms_f64,b,noise,snr10,rt0.4_d1_far_single_speech_shaped_snr10_ser0,1,nlms_f64,diverged,,0.4344375,far_single,speech_shaped,10.0,0.0,0.4,0.4012963668293653,0.4092831603055453,1.0,0.2892335967565872,0.25709653045029973,200.0,0.5,,27227.50990472259,6.0,-9.086001984481602,694,4.62,True,,,,,13.784947704546033,,,,,,,,,,,,,,,,7729,1221,1.103,c945803
b.noise.snr10.s1.speex,b,noise,snr10,rt0.4_d1_far_single_speech_shaped_snr10_ser0,1,speex,ok,,,far_single,speech_shaped,10.0,0.0,0.4,0.4012963668293653,0.4092831603055453,1.0,0.2892335967565872,0.25709653045029973,200.0,,160,27227.50990472259,6.0,8.325186743774253,694,2.04,True,,,,,,,,,,,,,,,,,,,,,7729,1221,0.138,c945803
b.noise.snr10.s1.nlms_q15,b,noise,snr10,rt0.4_d1_far_single_speech_shaped_snr10_ser0,1,nlms_q15,ok,,,far_single,speech_shaped,10.0,0.0,0.4,0.4012963668293653,0.4092831603055453,1.0,0.2892335967565872,0.25709653045029973,200.0,0.5,,27227.50990472259,6.0,5.050458120684626,694,0.5,True,,,,,-2.549855042089619,16384,1074,15,9506,0.3331875,408229510,22089,0,0,22089,0,0,0.0,-0.6205391883850098,-0.5299584865570068,7729,1221,10.975,c945803
b.noise.snr10.s2.none,b,noise,snr10,rt0.4_d1_far_single_speech_shaped_snr10_ser0,2,none,ok,,,far_single,speech_shaped,10.0,0.0,0.4,0.4012963668293653,0.4092831603055453,1.0,0.2892335967565872,0.25709653045029973,,,,40293.96111665253,6.0,-2.7555581084519078e-06,643,0.0,True,,,,,,,,,,,,,,,,,,,,,8224,908,0.427,c945803
b.noise.snr10.s2.nlms_f64,b,noise,snr10,rt0.4_d1_far_single_speech_shaped_snr10_ser0,2,nlms_f64,diverged,,1.35525,far_single,speech_shaped,10.0,0.0,0.4,0.4012963668293653,0.4092831603055453,1.0,0.2892335967565872,0.25709653045029973,200.0,0.5,,40293.96111665253,6.0,2.7625044392746467,643,11.16,True,,,,,4.210102787598294,,,,,,,,,,,,,,,,8224,908,1.177,c945803
b.noise.snr10.s2.speex,b,noise,snr10,rt0.4_d1_far_single_speech_shaped_snr10_ser0,2,speex,ok,,,far_single,speech_shaped,10.0,0.0,0.4,0.4012963668293653,0.4092831603055453,1.0,0.2892335967565872,0.25709653045029973,200.0,,160,40293.96111665253,6.0,7.981002557891982,643,1.9799999999999998,True,,,,,,,,,,,,,,,,,,,,,8224,908,0.142,c945803
b.noise.snr10.s2.nlms_q15,b,noise,snr10,rt0.4_d1_far_single_speech_shaped_snr10_ser0,2,nlms_q15,ok,,,far_single,speech_shaped,10.0,0.0,0.4,0.4012963668293653,0.4092831603055453,1.0,0.2892335967565872,0.25709653045029973,200.0,0.5,,40293.96111665253,6.0,5.865586634879341,643,0.0,True,,,,,-0.1541597650253625,16384,1074,15,13331,0.55225,332874232,15521,0,0,15521,0,0,0.0,-3.129246234893799,-2.984286308288574,8224,908,13.645,c945803
b.tail_length.50ms.s0.nlms_f64_filter_length_ms50,b,tail_length,50ms,rt0.4_d1_far_single_none_ser0,0,nlms_f64,ok,,,far_single,none,,0.0,0.4,0.4012963668293653,0.4092831603055453,1.0,0.2892335967565872,0.25709653045029973,50.0,0.5,,31891.71620678807,6.0,11.250938509960818,638,0.0,True,,,,,-3.9644120008490917,,,,,,,,,,,,,,,,260,61,1.151,c945803
b.tail_length.50ms.s0.speex_filter_length_ms50,b,tail_length,50ms,rt0.4_d1_far_single_none_ser0,0,speex,ok,,,far_single,none,,0.0,0.4,0.4012963668293653,0.4092831603055453,1.0,0.2892335967565872,0.25709653045029973,50.0,,160,31891.71620678807,6.0,8.728304522863201,638,0.3400000000000001,True,,,,,,,,,,,,,,,,,,,,,260,61,0.122,c945803
b.tail_length.50ms.s0.nlms_q15_filter_length_ms50,b,tail_length,50ms,rt0.4_d1_far_single_none_ser0,0,nlms_q15,ok,,,far_single,none,,0.0,0.4,0.4012963668293653,0.4092831603055453,1.0,0.2892335967565872,0.25709653045029973,50.0,0.5,,31891.71620678807,6.0,11.137706553923085,638,0.0,True,,,,,-8.127372155158035,16384,1074,15,11536,0.2184375,56412231,17727,0,0,17727,0,0,6.25e-05,-7.333731651306152,-30.045120239257812,260,61,9.578,c945803
b.tail_length.50ms.s1.nlms_f64_filter_length_ms50,b,tail_length,50ms,rt0.4_d1_far_single_none_ser0,1,nlms_f64,ok,,,far_single,none,,0.0,0.4,0.4012963668293653,0.4092831603055453,1.0,0.2892335967565872,0.25709653045029973,50.0,0.5,,28866.693499851983,6.0,8.989081396214416,694,0.0,True,,,,,-4.827273782179898,,,,,,,,,,,,,,,,7729,1221,1.141,c945803
b.tail_length.50ms.s1.speex_filter_length_ms50,b,tail_length,50ms,rt0.4_d1_far_single_none_ser0,1,speex,ok,,,far_single,none,,0.0,0.4,0.4012963668293653,0.4092831603055453,1.0,0.2892335967565872,0.25709653045029973,50.0,,160,28866.693499851983,6.0,8.63246444315934,694,1.7799999999999998,True,,,,,,,,,,,,,,,,,,,,,7729,1221,0.125,c945803
b.tail_length.50ms.s1.nlms_q15_filter_length_ms50,b,tail_length,50ms,rt0.4_d1_far_single_none_ser0,1,nlms_q15,ok,,,far_single,none,,0.0,0.4,0.4012963668293653,0.4092831603055453,1.0,0.2892335967565872,0.25709653045029973,50.0,0.5,,28866.693499851983,6.0,10.036321830640107,694,0.0,True,,,,,-7.804801562912953,16384,1074,15,6218,0.302875,52964122,26126,0,0,26126,0,0,0.001625,-11.083457946777344,-9.048538208007812,7729,1221,9.14,c945803
b.tail_length.50ms.s2.nlms_f64_filter_length_ms50,b,tail_length,50ms,rt0.4_d1_far_single_none_ser0,2,nlms_f64,ok,,,far_single,none,,0.0,0.4,0.4012963668293653,0.4092831603055453,1.0,0.2892335967565872,0.25709653045029973,50.0,0.5,,40752.38218907314,6.0,15.562282973958986,643,0.0,True,,,,,-8.471429134518129,,,,,,,,,,,,,,,,8224,908,1.457,c945803
b.tail_length.50ms.s2.speex_filter_length_ms50,b,tail_length,50ms,rt0.4_d1_far_single_none_ser0,2,speex,ok,,,far_single,none,,0.0,0.4,0.4012963668293653,0.4092831603055453,1.0,0.2892335967565872,0.25709653045029973,50.0,,160,40752.38218907314,6.0,8.882456986666405,643,1.2,True,,,,,,,,,,,,,,,,,,,,,8224,908,0.123,c945803
b.tail_length.50ms.s2.nlms_q15_filter_length_ms50,b,tail_length,50ms,rt0.4_d1_far_single_none_ser0,2,nlms_q15,ok,,,far_single,none,,0.0,0.4,0.4012963668293653,0.4092831603055453,1.0,0.2892335967565872,0.25709653045029973,50.0,0.5,,40752.38218907314,6.0,15.22142112379689,643,0.0,True,,,,,-8.596345057089184,16384,1074,15,15265,0.5518125,63550220,3391,0,0,3391,0,0,0.001375,-28.12350082397461,-29.551502227783203,8224,908,8.426,c945803
b.tail_length.100ms.s0.nlms_f64_filter_length_ms100,b,tail_length,100ms,rt0.4_d1_far_single_none_ser0,0,nlms_f64,ok,,,far_single,none,,0.0,0.4,0.4012963668293653,0.4092831603055453,1.0,0.2892335967565872,0.25709653045029973,100.0,0.5,,31891.71620678807,6.0,19.085680827739964,638,0.04000000000000001,True,,,,,-12.269038380001877,,,,,,,,,,,,,,,,260,61,0.959,c945803
b.tail_length.100ms.s0.speex_filter_length_ms100,b,tail_length,100ms,rt0.4_d1_far_single_none_ser0,0,speex,ok,,,far_single,none,,0.0,0.4,0.4012963668293653,0.4092831603055453,1.0,0.2892335967565872,0.25709653045029973,100.0,,160,31891.71620678807,6.0,16.285453813965514,638,2.48,True,,,,,,,,,,,,,,,,,,,,,260,61,0.138,c945803
b.tail_length.100ms.s0.nlms_q15_filter_length_ms100,b,tail_length,100ms,rt0.4_d1_far_single_none_ser0,0,nlms_q15,ok,,,far_single,none,,0.0,0.4,0.4012963668293653,0.4092831603055453,1.0,0.2892335967565872,0.25709653045029973,100.0,0.5,,31891.71620678807,6.0,18.195653225092244,638,0.04000000000000001,True,,,,,-14.892098646354805,16384,1074,15,30167,0.2153125,234882372,8629,0,0,8629,0,0,6.25e-05,-13.274507522583008,-25.960838317871094,260,61,14.35,c945803
b.tail_length.100ms.s1.nlms_f64_filter_length_ms100,b,tail_length,100ms,rt0.4_d1_far_single_none_ser0,1,nlms_f64,ok,,,far_single,none,,0.0,0.4,0.4012963668293653,0.4092831603055453,1.0,0.2892335967565872,0.25709653045029973,100.0,0.5,,28866.693499851983,6.0,14.074587663764497,694,0.03999999999999998,True,,,,,-13.343713720612254,,,,,,,,,,,,,,,,7729,1221,1.198,c945803
b.tail_length.100ms.s1.speex_filter_length_ms100,b,tail_length,100ms,rt0.4_d1_far_single_none_ser0,1,speex,ok,,,far_single,none,,0.0,0.4,0.4012963668293653,0.4092831603055453,1.0,0.2892335967565872,0.25709653045029973,100.0,,160,28866.693499851983,6.0,16.785596966312465,694,2.44,True,,,,,,,,,,,,,,,,,,,,,7729,1221,0.173,c945803
b.tail_length.100ms.s1.nlms_q15_filter_length_ms100,b,tail_length,100ms,rt0.4_d1_far_single_none_ser0,1,nlms_q15,ok,,,far_single,none,,0.0,0.4,0.4012963668293653,0.4092831603055453,1.0,0.2892335967565872,0.25709653045029973,100.0,0.5,,28866.693499851983,6.0,15.412243398282294,694,0.32,True,,,,,-14.983436688878697,16384,1074,15,18800,0.3061875,232775454,9612,0,0,9612,0,0,0.001625,-18.653682708740234,-12.032689094543457,7729,1221,11.194,c945803
b.tail_length.100ms.s2.nlms_f64_filter_length_ms100,b,tail_length,100ms,rt0.4_d1_far_single_none_ser0,2,nlms_f64,ok,,,far_single,none,,0.0,0.4,0.4012963668293653,0.4092831603055453,1.0,0.2892335967565872,0.25709653045029973,100.0,0.5,,40752.38218907314,6.0,22.98309306936634,643,0.3999999999999999,True,,,,,-15.067347204621814,,,,,,,,,,,,,,,,8224,908,0.891,c945803
b.tail_length.100ms.s2.speex_filter_length_ms100,b,tail_length,100ms,rt0.4_d1_far_single_none_ser0,2,speex,ok,,,far_single,none,,0.0,0.4,0.4012963668293653,0.4092831603055453,1.0,0.2892335967565872,0.25709653045029973,100.0,,160,40752.38218907314,6.0,16.966095082927083,643,4.04,True,,,,,,,,,,,,,,,,,,,,,8224,908,0.132,c945803
b.tail_length.100ms.s2.nlms_q15_filter_length_ms100,b,tail_length,100ms,rt0.4_d1_far_single_none_ser0,2,nlms_q15,ok,,,far_single,none,,0.0,0.4,0.4012963668293653,0.4092831603055453,1.0,0.2892335967565872,0.25709653045029973,100.0,0.5,,40752.38218907314,6.0,20.994452215146534,643,0.0,True,,,,,-15.647753071035119,16384,1074,15,44405,0.5486875,268476363,1485,0,0,1485,0,0,0.001375,-22.48720359802246,-24.325328826904297,8224,908,9.784,c945803
b.tail_length.200ms.s0.nlms_f64_filter_length_ms200,b,tail_length,200ms,rt0.4_d1_far_single_none_ser0,0,nlms_f64,ok,,,far_single,none,,0.0,0.4,0.4012963668293653,0.4092831603055453,1.0,0.2892335967565872,0.25709653045029973,200.0,0.5,,31891.71620678807,6.0,24.803757915399846,638,2.46,True,,,,,-14.387625411598897,,,,,,,,,,,,,,,,260,61,1.28,c945803
b.tail_length.200ms.s0.speex_filter_length_ms200,b,tail_length,200ms,rt0.4_d1_far_single_none_ser0,0,speex,ok,,,far_single,none,,0.0,0.4,0.4012963668293653,0.4092831603055453,1.0,0.2892335967565872,0.25709653045029973,200.0,,160,31891.71620678807,6.0,23.932681633895875,638,5.62,True,,,,,,,,,,,,,,,,,,,,,260,61,0.154,c945803
b.tail_length.200ms.s0.nlms_q15_filter_length_ms200,b,tail_length,200ms,rt0.4_d1_far_single_none_ser0,0,nlms_q15,ok,,,far_single,none,,0.0,0.4,0.4012963668293653,0.4092831603055453,1.0,0.2892335967565872,0.25709653045029973,200.0,0.5,,31891.71620678807,6.0,20.094300101348082,638,0.3400000000000001,True,,,,,-11.477513235540409,16384,1074,15,68724,0.215125,615458026,3161,0,0,3161,0,0,6.25e-05,-16.162080764770508,-19.65204429626465,260,61,12.47,c945803
b.tail_length.200ms.s1.nlms_f64_filter_length_ms200,b,tail_length,200ms,rt0.4_d1_far_single_none_ser0,1,nlms_f64,ok,,,far_single,none,,0.0,0.4,0.4012963668293653,0.4092831603055453,1.0,0.2892335967565872,0.25709653045029973,200.0,0.5,,28866.693499851983,6.0,23.81285786301352,694,2.32,True,,,,,-18.340293704544173,,,,,,,,,,,,,,,,7729,1221,1.172,c945803
b.tail_length.200ms.s1.speex_filter_length_ms200,b,tail_length,200ms,rt0.4_d1_far_single_none_ser0,1,speex,ok,,,far_single,none,,0.0,0.4,0.4012963668293653,0.4092831603055453,1.0,0.2892335967565872,0.25709653045029973,200.0,,160,28866.693499851983,6.0,29.510461677915586,694,7.8,True,,,,,,,,,,,,,,,,,,,,,7729,1221,0.19,c945803
b.tail_length.200ms.s1.nlms_q15_filter_length_ms200,b,tail_length,200ms,rt0.4_d1_far_single_none_ser0,1,nlms_q15,ok,,,far_single,none,,0.0,0.4,0.4012963668293653,0.4092831603055453,1.0,0.2892335967565872,0.25709653045029973,200.0,0.5,,28866.693499851983,6.0,15.846577901549258,694,0.37999999999999995,True,,,,,-13.822099910757771,16384,1074,15,43896,0.3071875,649018442,1656,0,0,1656,0,0,0.001625,-18.498844146728516,-17.44708824157715,7729,1221,12.558,c945803
b.tail_length.200ms.s2.nlms_f64_filter_length_ms200,b,tail_length,200ms,rt0.4_d1_far_single_none_ser0,2,nlms_f64,ok,,,far_single,none,,0.0,0.4,0.4012963668293653,0.4092831603055453,1.0,0.2892335967565872,0.25709653045029973,200.0,0.5,,40752.38218907314,6.0,30.779601765908037,643,1.26,True,,,,,-18.52142570227443,,,,,,,,,,,,,,,,8224,908,1.146,c945803
b.tail_length.200ms.s2.speex_filter_length_ms200,b,tail_length,200ms,rt0.4_d1_far_single_none_ser0,2,speex,ok,,,far_single,none,,0.0,0.4,0.4012963668293653,0.4092831603055453,1.0,0.2892335967565872,0.25709653045029973,200.0,,160,40752.38218907314,6.0,27.02390000833762,643,5.140000000000001,True,,,,,,,,,,,,,,,,,,,,,8224,908,0.169,c945803
b.tail_length.200ms.s2.nlms_q15_filter_length_ms200,b,tail_length,200ms,rt0.4_d1_far_single_none_ser0,2,nlms_q15,ok,,,far_single,none,,0.0,0.4,0.4012963668293653,0.4092831603055453,1.0,0.2892335967565872,0.25709653045029973,200.0,0.5,,40752.38218907314,6.0,23.562637418621758,643,4.22,True,,,,,-14.376272081249105,16384,1074,15,105145,0.54775,678239011,725,0,0,725,0,0,0.001375,-19.227798461914062,-19.353471755981445,8224,908,12.191,c945803
b.tail_length.400ms.s0.nlms_f64_filter_length_ms400,b,tail_length,400ms,rt0.4_d1_far_single_none_ser0,0,nlms_f64,ok,,,far_single,none,,0.0,0.4,0.4012963668293653,0.4092831603055453,1.0,0.2892335967565872,0.25709653045029973,400.0,0.5,,31891.71620678807,6.0,17.199616709980283,638,0.0,True,,,,,-8.194403597246259,,,,,,,,,,,,,,,,260,61,1.827,c945803
b.tail_length.400ms.s0.speex_filter_length_ms400,b,tail_length,400ms,rt0.4_d1_far_single_none_ser0,0,speex,ok,,,far_single,none,,0.0,0.4,0.4012963668293653,0.4092831603055453,1.0,0.2892335967565872,0.25709653045029973,400.0,,160,31891.71620678807,6.0,21.77261306624154,638,5.6,True,,,,,,,,,,,,,,,,,,,,,260,61,0.217,c945803
b.tail_length.400ms.s0.nlms_q15_filter_length_ms400,b,tail_length,400ms,rt0.4_d1_far_single_none_ser0,0,nlms_q15,ok,,,far_single,none,,0.0,0.4,0.4012963668293653,0.4092831603055453,1.0,0.2892335967565872,0.25709653045029973,400.0,0.5,,31891.71620678807,6.0,14.446002202171712,638,0.0,True,,,,,-5.977354951046872,16384,1074,15,95047,0.2155,1319494141,184,0,0,184,0,0,6.25e-05,-14.058199882507324,-14.836318969726562,260,61,19.48,c945803
b.tail_length.400ms.s1.nlms_f64_filter_length_ms400,b,tail_length,400ms,rt0.4_d1_far_single_none_ser0,1,nlms_f64,ok,,,far_single,none,,0.0,0.4,0.4012963668293653,0.4092831603055453,1.0,0.2892335967565872,0.25709653045029973,400.0,0.5,,28866.693499851983,6.0,28.03097793109899,694,2.44,True,,,,,-11.95904055056763,,,,,,,,,,,,,,,,7729,1221,1.979,c945803
b.tail_length.400ms.s1.speex_filter_length_ms400,b,tail_length,400ms,rt0.4_d1_far_single_none_ser0,1,speex,ok,,,far_single,none,,0.0,0.4,0.4012963668293653,0.4092831603055453,1.0,0.2892335967565872,0.25709653045029973,400.0,,160,28866.693499851983,6.0,29.6634782856756,694,8.54,True,,,,,,,,,,,,,,,,,,,,,7729,1221,0.287,c945803
b.tail_length.400ms.s1.nlms_q15_filter_length_ms400,b,tail_length,400ms,rt0.4_d1_far_single_none_ser0,1,nlms_q15,ok,,,far_single,none,,0.0,0.4,0.4012963668293653,0.4092831603055453,1.0,0.2892335967565872,0.25709653045029973,400.0,0.5,,28866.693499851983,6.0,10.372571801360165,694,0.03999999999999998,True,,,,,-8.295133730480456,16384,1074,15,58132,0.311375,1383942383,1571,0,0,1571,0,0,0.001625,-13.680904388427734,-12.43356704711914,7729,1221,21.91,c945803
b.tail_length.400ms.s2.nlms_f64_filter_length_ms400,b,tail_length,400ms,rt0.4_d1_far_single_none_ser0,2,nlms_f64,ok,,,far_single,none,,0.0,0.4,0.4012963668293653,0.4092831603055453,1.0,0.2892335967565872,0.25709653045029973,400.0,0.5,,40752.38218907314,6.0,24.047970644327073,643,1.3,True,,,,,-9.444464425934253,,,,,,,,,,,,,,,,8224,908,2.607,c945803
b.tail_length.400ms.s2.speex_filter_length_ms400,b,tail_length,400ms,rt0.4_d1_far_single_none_ser0,2,speex,ok,,,far_single,none,,0.0,0.4,0.4012963668293653,0.4092831603055453,1.0,0.2892335967565872,0.25709653045029973,400.0,,160,40752.38218907314,6.0,26.629615433543677,643,7.26,True,,,,,,,,,,,,,,,,,,,,,8224,908,0.34,c945803
b.tail_length.400ms.s2.nlms_q15_filter_length_ms400,b,tail_length,400ms,rt0.4_d1_far_single_none_ser0,2,nlms_q15,ok,,,far_single,none,,0.0,0.4,0.4012963668293653,0.4092831603055453,1.0,0.2892335967565872,0.25709653045029973,400.0,0.5,,40752.38218907314,6.0,19.040649818405825,643,0.0,True,,,,,-7.046600294011793,16384,1074,15,124037,0.528625,1418409989,718,0,0,718,0,0,0.001375,-13.821383476257324,-14.109967231750488,8224,908,21.34,c945803
b.mu.mu0.1.s0.nlms_f64_mu0.1,b,mu,mu0.1,rt0.4_d1_far_single_none_ser0,0,nlms_f64,ok,,,far_single,none,,0.0,0.4,0.4012963668293653,0.4092831603055453,1.0,0.2892335967565872,0.25709653045029973,200.0,0.1,,31891.71620678807,6.0,15.240970586690828,638,0.30000000000000004,True,,,,,-5.598392376839825,,,,,,,,,,,,,,,,260,61,1.397,c945803
b.mu.mu0.1.s1.nlms_f64_mu0.1,b,mu,mu0.1,rt0.4_d1_far_single_none_ser0,1,nlms_f64,ok,,,far_single,none,,0.0,0.4,0.4012963668293653,0.4092831603055453,1.0,0.2892335967565872,0.25709653045029973,200.0,0.1,,28866.693499851983,6.0,19.679643145188376,694,2.34,True,,,,,-6.131656078621516,,,,,,,,,,,,,,,,7729,1221,1.314,c945803
b.mu.mu0.1.s2.nlms_f64_mu0.1,b,mu,mu0.1,rt0.4_d1_far_single_none_ser0,2,nlms_f64,ok,,,far_single,none,,0.0,0.4,0.4012963668293653,0.4092831603055453,1.0,0.2892335967565872,0.25709653045029973,200.0,0.1,,40752.38218907314,6.0,20.02946704681771,643,1.2,True,,,,,-5.48279155354783,,,,,,,,,,,,,,,,8224,908,1.479,c945803
b.mu.mu0.3.s0.nlms_f64_mu0.3,b,mu,mu0.3,rt0.4_d1_far_single_none_ser0,0,nlms_f64,ok,,,far_single,none,,0.0,0.4,0.4012963668293653,0.4092831603055453,1.0,0.2892335967565872,0.25709653045029973,200.0,0.3,,31891.71620678807,6.0,21.770226853637997,638,2.32,True,,,,,-10.825430087575686,,,,,,,,,,,,,,,,260,61,1.249,c945803
b.mu.mu0.3.s1.nlms_f64_mu0.3,b,mu,mu0.3,rt0.4_d1_far_single_none_ser0,1,nlms_f64,ok,,,far_single,none,,0.0,0.4,0.4012963668293653,0.4092831603055453,1.0,0.2892335967565872,0.25709653045029973,200.0,0.3,,28866.693499851983,6.0,22.531744256755868,694,2.32,True,,,,,-13.08710665500686,,,,,,,,,,,,,,,,7729,1221,1.32,c945803
b.mu.mu0.3.s2.nlms_f64_mu0.3,b,mu,mu0.3,rt0.4_d1_far_single_none_ser0,2,nlms_f64,ok,,,far_single,none,,0.0,0.4,0.4012963668293653,0.4092831603055453,1.0,0.2892335967565872,0.25709653045029973,200.0,0.3,,40752.38218907314,6.0,27.38008114247249,643,1.24,True,,,,,-12.937253389382803,,,,,,,,,,,,,,,,8224,908,1.283,c945803
b.mu.mu0.5.s0.nlms_f64_mu0.5,b,mu,mu0.5,rt0.4_d1_far_single_none_ser0,0,nlms_f64,ok,,,far_single,none,,0.0,0.4,0.4012963668293653,0.4092831603055453,1.0,0.2892335967565872,0.25709653045029973,200.0,0.5,,31891.71620678807,6.0,24.803757915399846,638,2.46,True,,,,,-14.387625411598897,,,,,,,,,,,,,,,,260,61,1.796,c945803
b.mu.mu0.5.s1.nlms_f64_mu0.5,b,mu,mu0.5,rt0.4_d1_far_single_none_ser0,1,nlms_f64,ok,,,far_single,none,,0.0,0.4,0.4012963668293653,0.4092831603055453,1.0,0.2892335967565872,0.25709653045029973,200.0,0.5,,28866.693499851983,6.0,23.81285786301352,694,2.32,True,,,,,-18.340293704544173,,,,,,,,,,,,,,,,7729,1221,1.617,c945803
b.mu.mu0.5.s2.nlms_f64_mu0.5,b,mu,mu0.5,rt0.4_d1_far_single_none_ser0,2,nlms_f64,ok,,,far_single,none,,0.0,0.4,0.4012963668293653,0.4092831603055453,1.0,0.2892335967565872,0.25709653045029973,200.0,0.5,,40752.38218907314,6.0,30.779601765908037,643,1.26,True,,,,,-18.52142570227443,,,,,,,,,,,,,,,,8224,908,1.283,c945803
b.mu.mu0.9.s0.nlms_f64_mu0.9,b,mu,mu0.9,rt0.4_d1_far_single_none_ser0,0,nlms_f64,ok,,,far_single,none,,0.0,0.4,0.4012963668293653,0.4092831603055453,1.0,0.2892335967565872,0.25709653045029973,200.0,0.9,,31891.71620678807,6.0,26.807026293707704,638,4.0,True,,,,,-17.33481300286816,,,,,,,,,,,,,,,,260,61,1.503,c945803
b.mu.mu0.9.s1.nlms_f64_mu0.9,b,mu,mu0.9,rt0.4_d1_far_single_none_ser0,1,nlms_f64,ok,,,far_single,none,,0.0,0.4,0.4012963668293653,0.4092831603055453,1.0,0.2892335967565872,0.25709653045029973,200.0,0.9,,28866.693499851983,6.0,24.00298992246896,694,2.32,True,,,,,-18.041311013802467,,,,,,,,,,,,,,,,7729,1221,1.344,c945803
b.mu.mu0.9.s2.nlms_f64_mu0.9,b,mu,mu0.9,rt0.4_d1_far_single_none_ser0,2,nlms_f64,ok,,,far_single,none,,0.0,0.4,0.4012963668293653,0.4092831603055453,1.0,0.2892335967565872,0.25709653045029973,200.0,0.9,,40752.38218907314,6.0,30.95841453791185,643,1.26,True,,,,,-20.14872079760664,,,,,,,,,,,,,,,,8224,908,1.2,c945803
b.mu.reference.s0.speex,b,mu,reference,rt0.4_d1_far_single_none_ser0,0,speex,ok,,,far_single,none,,0.0,0.4,0.4012963668293653,0.4092831603055453,1.0,0.2892335967565872,0.25709653045029973,200.0,,160,31891.71620678807,6.0,23.932681633895875,638,5.62,True,,,,,,,,,,,,,,,,,,,,,260,61,0.206,c945803
b.mu.reference.s1.speex,b,mu,reference,rt0.4_d1_far_single_none_ser0,1,speex,ok,,,far_single,none,,0.0,0.4,0.4012963668293653,0.4092831603055453,1.0,0.2892335967565872,0.25709653045029973,200.0,,160,28866.693499851983,6.0,29.510461677915586,694,7.8,True,,,,,,,,,,,,,,,,,,,,,7729,1221,0.213,c945803
b.mu.reference.s2.speex,b,mu,reference,rt0.4_d1_far_single_none_ser0,2,speex,ok,,,far_single,none,,0.0,0.4,0.4012963668293653,0.4092831603055453,1.0,0.2892335967565872,0.25709653045029973,200.0,,160,40752.38218907314,6.0,27.02390000833762,643,5.140000000000001,True,,,,,,,,,,,,,,,,,,,,,8224,908,0.182,c945803
b.word_length.15bit.s0.nlms_q15_coeff_bits15,b,word_length,15bit,rt0.4_d1_far_single_none_ser0,0,nlms_q15,ok,,,far_single,none,,0.0,0.4,0.4012963668293653,0.4092831603055453,1.0,0.2892335967565872,0.25709653045029973,200.0,0.5,,31891.71620678807,6.0,20.094300101348082,638,0.3400000000000001,True,,,,,-11.477513235540409,16384,1074,15,68724,0.215125,615458026,3161,0,0,3161,0,0,6.25e-05,-16.162080764770508,-19.65204429626465,260,61,12.968,c945803
b.word_length.15bit.s1.nlms_q15_coeff_bits15,b,word_length,15bit,rt0.4_d1_far_single_none_ser0,1,nlms_q15,ok,,,far_single,none,,0.0,0.4,0.4012963668293653,0.4092831603055453,1.0,0.2892335967565872,0.25709653045029973,200.0,0.5,,28866.693499851983,6.0,15.846577901549258,694,0.37999999999999995,True,,,,,-13.822099910757771,16384,1074,15,43896,0.3071875,649018442,1656,0,0,1656,0,0,0.001625,-18.498844146728516,-17.44708824157715,7729,1221,13.431,c945803
b.word_length.15bit.s2.nlms_q15_coeff_bits15,b,word_length,15bit,rt0.4_d1_far_single_none_ser0,2,nlms_q15,ok,,,far_single,none,,0.0,0.4,0.4012963668293653,0.4092831603055453,1.0,0.2892335967565872,0.25709653045029973,200.0,0.5,,40752.38218907314,6.0,23.562637418621758,643,4.22,True,,,,,-14.376272081249105,16384,1074,15,105145,0.54775,678239011,725,0,0,725,0,0,0.001375,-19.227798461914062,-19.353471755981445,8224,908,14.177,c945803
b.word_length.11bit.s0.nlms_q15_coeff_bits11,b,word_length,11bit,rt0.4_d1_far_single_none_ser0,0,nlms_q15,ok,,,far_single,none,,0.0,0.4,0.4012963668293653,0.4092831603055453,1.0,0.2892335967565872,0.25709653045029973,200.0,0.5,,31891.71620678807,6.0,-18.164260449031456,638,0.0,True,,,,,31.40967844555636,16384,1074,11,10241,0.0545,409075765,276649,8030,3699,32516,232404,154032555,6.25e-05,32.09259796142578,32.67894744873047,260,61,12.58,c945803
b.word_length.11bit.s1.nlms_q15_coeff_bits11,b,word_length,11bit,rt0.4_d1_far_single_none_ser0,1,nlms_q15,ok,,,far_single,none,,0.0,0.4,0.4012963668293653,0.4092831603055453,1.0,0.2892335967565872,0.25709653045029973,200.0,0.5,,28866.693499851983,6.0,-15.703227385239668,694,0.12,True,,,,,31.761910292971365,16384,1074,11,2026,0.4181875,508805176,260671,1911,812,24863,233085,176332255,0.001625,32.15800094604492,32.178199768066406,7729,1221,12.599,c945803
b.word_length.11bit.s2.nlms_q15_coeff_bits11,b,word_length,11bit,rt0.4_d1_far_single_none_ser0,2,nlms_q15,ok,,,far_single,none,,0.0,0.4,0.4012963668293653,0.4092831603055453,1.0,0.2892335967565872,0.25709653045029973,200.0,0.5,,40752.38218907314,6.0,-18.933601320296244,643,0.0,True,,,,,31.121751482265946,16384,1074,11,1657,0.005375,382383222,290943,29272,13503,15680,232488,140821301,0.001375,31.576078414916992,31.8635311126709,8224,908,12.728,c945803
b.word_length.9bit.s0.nlms_q15_coeff_bits9,b,word_length,9bit,rt0.4_d1_far_single_none_ser0,0,nlms_q15,ok,,,far_single,none,,0.0,0.4,0.4012963668293653,0.4092831603055453,1.0,0.2892335967565872,0.25709653045029973,200.0,0.5,,31891.71620678807,6.0,-20.06130879050636,638,0.07999999999999999,True,,,,,31.6806343791998,16384,1074,9,24096,0.23225,617956117,285990,7971,4275,37080,236664,264927095,6.25e-05,32.36341857910156,32.811214447021484,260,61,12.657,c945803
b.word_length.9bit.s1.nlms_q15_coeff_bits9,b,word_length,9bit,rt0.4_d1_far_single_none_ser0,1,nlms_q15,ok,,,far_single,none,,0.0,0.4,0.4012963668293653,0.4092831603055453,1.0,0.2892335967565872,0.25709653045029973,200.0,0.5,,28866.693499851983,6.0,-17.443142931920516,694,0.0,True,,,,,31.79506659692828,16384,1074,9,24679,0.34225,685348668,266969,2801,1316,25601,237251,273701352,0.001625,32.19118881225586,32.21993637084961,7729,1221,12.558,c945803
b.word_length.9bit.s2.nlms_q15_coeff_bits9,b,word_length,9bit,rt0.4_d1_far_single_none_ser0,2,nlms_q15,ok,,,far_single,none,,0.0,0.4,0.4012963668293653,0.4092831603055453,1.0,0.2892335967565872,0.25709653045029973,200.0,0.5,,40752.38218907314,6.0,-20.446890321919952,643,0.0,True,,,,,31.348017611684888,16384,1074,9,11341,0.0025,631309997,311447,38332,16849,19618,236648,276728353,0.001375,31.80235481262207,32.197391510009766,8224,908,17.719,c945803
b.word_length.7bit.s0.nlms_q15_coeff_bits7,b,word_length,7bit,rt0.4_d1_far_single_none_ser0,0,nlms_q15,ok,,,far_single,none,,0.0,0.4,0.4012963668293653,0.4092831603055453,1.0,0.2892335967565872,0.25709653045029973,200.0,0.5,,31891.71620678807,6.0,-23.817711702135455,638,0.12000000000000002,True,,,,,31.789089530656828,16384,1074,7,105138,0.232375,706389426,333559,34358,18647,42174,238380,318432786,6.25e-05,32.47181701660156,32.863975524902344,260,61,14.255,c945803
b.word_length.7bit.s1.nlms_q15_coeff_bits7,b,word_length,7bit,rt0.4_d1_far_single_none_ser0,1,nlms_q15,ok,,,far_single,none,,0.0,0.4,0.4012963668293653,0.4092831603055453,1.0,0.2892335967565872,0.25709653045029973,200.0,0.5,,28866.693499851983,6.0,-20.220666158567788,694,0.0,True,,,,,31.795314624577973,16384,1074,7,103378,0.1940625,749464188,285950,13856,7352,26067,238675,316390410,0.001625,32.191436767578125,32.249595642089844,7729,1221,13.839,c945803
b.word_length.7bit.s2.nlms_q15_coeff_bits7,b,word_length,7bit,rt0.4_d1_far_single_none_ser0,2,nlms_q15,ok,,,far_single,none,,0.0,0.4,0.4012963668293653,0.4092831603055453,1.0,0.2892335967565872,0.25709653045029973,200.0,0.5,,40752.38218907314,6.0,-23.27282954676994,643,0.0,True,,,,,31.731448052621154,16384,1074,7,115427,0.0021875,744092914,391464,79071,37125,36367,238901,343433288,0.001375,32.18579864501953,32.25804138183594,8224,908,14.183,c945803
